category,year,month,date,sales
retail&food_total,2024,1,1/1/2024,695631
retail&food_total,2024,2,2/1/2024,700519
retail&food_total,2024,3,3/1/2024,703738
retail&food_total,2024,4,4/1/2024,702681
retail&food_total,2024,5,5/1/2024,704309
retail&food_total,2024,6,6/1/2024,702350
retail&food_total,2024,7,7/1/2024,710851
retail&food_total,2024,8,8/1/2024,710038
retail&food_total,2024,9,9/1/2024,716388
retail&food_total,2024,10,10/1/2024,720393
retail&food_total,2024,11,11/1/2024,725925
retail&food_total,2023,1,1/1/2023,693826
retail&food_total,2023,2,2/1/2023,686434
retail&food_total,2023,3,3/1/2023,679067
retail&food_total,2023,4,4/1/2023,683698
retail&food_total,2023,5,5/1/2023,686672
retail&food_total,2023,6,6/1/2023,688810
retail&food_total,2023,7,7/1/2023,690641
retail&food_total,2023,8,8/1/2023,696238
retail&food_total,2023,9,9/1/2023,702109
retail&food_total,2023,10,10/1/2023,699365
retail&food_total,2023,11,11/1/2023,697167
retail&food_total,2023,12,12/1/2023,701672
retail&food_total,2022,1,1/1/2022,644034
retail&food_total,2022,2,2/1/2022,650522
retail&food_total,2022,3,3/1/2022,664167
retail&food_total,2022,4,4/1/2022,673245
retail&food_total,2022,5,5/1/2022,671040
retail&food_total,2022,6,6/1/2022,675702
retail&food_total,2022,7,7/1/2022,671067
retail&food_total,2022,8,8/1/2022,675107
retail&food_total,2022,9,9/1/2022,673312
retail&food_total,2022,10,10/1/2022,681748
retail&food_total,2022,11,11/1/2022,673674
retail&food_total,2022,12,12/1/2022,666734
retail&food_total,2021,1,1/1/2021,570510
retail&food_total,2021,2,2/1/2021,555489
retail&food_total,2021,3,3/1/2021,616348
retail&food_total,2021,4,4/1/2021,622705
retail&food_total,2021,5,5/1/2021,615543
retail&food_total,2021,6,6/1/2021,622125
retail&food_total,2021,7,7/1/2021,612647
retail&food_total,2021,8,8/1/2021,616892
retail&food_total,2021,9,9/1/2021,620529
retail&food_total,2021,10,10/1/2021,630562
retail&food_total,2021,11,11/1/2021,637775
retail&food_total,2021,12,12/1/2021,632515
retail&food_total,2020,1,1/1/2020,525411
retail&food_total,2020,2,2/1/2020,525380
retail&food_total,2020,3,3/1/2020,477676
retail&food_total,2020,4,4/1/2020,408312
retail&food_total,2020,5,5/1/2020,484978
retail&food_total,2020,6,6/1/2020,526970
retail&food_total,2020,7,7/1/2020,535644
retail&food_total,2020,8,8/1/2020,540423
retail&food_total,2020,9,9/1/2020,551131
retail&food_total,2020,10,10/1/2020,549271
retail&food_total,2020,11,11/1/2020,544421
retail&food_total,2020,12,12/1/2020,549300
retail&food_total,2019,1,1/1/2019,500208
retail&food_total,2019,2,2/1/2019,500928
retail&food_total,2019,3,3/1/2019,508944
retail&food_total,2019,4,4/1/2019,509564
retail&food_total,2019,5,5/1/2019,512930
retail&food_total,2019,6,6/1/2019,513716
retail&food_total,2019,7,7/1/2019,518274
retail&food_total,2019,8,8/1/2019,521348
retail&food_total,2019,9,9/1/2019,518188
retail&food_total,2019,10,10/1/2019,519795
retail&food_total,2019,11,11/1/2019,523120
retail&food_total,2019,12,12/1/2019,524954
retail&food_total,2018,1,1/1/2018,490426
retail&food_total,2018,2,2/1/2018,493334
retail&food_total,2018,3,3/1/2018,493022
retail&food_total,2018,4,4/1/2018,494498
retail&food_total,2018,5,5/1/2018,500930
retail&food_total,2018,6,6/1/2018,499218
retail&food_total,2018,7,7/1/2018,502255
retail&food_total,2018,8,8/1/2018,501962
retail&food_total,2018,9,9/1/2018,500033
retail&food_total,2018,10,10/1/2018,505622
retail&food_total,2018,11,11/1/2018,507278
retail&food_total,2018,12,12/1/2018,496973
retail&food_total,2017,1,1/1/2017,473019
retail&food_total,2017,2,2/1/2017,472945
retail&food_total,2017,3,3/1/2017,472149
retail&food_total,2017,4,4/1/2017,473986
retail&food_total,2017,5,5/1/2017,471630
retail&food_total,2017,6,6/1/2017,473546
retail&food_total,2017,7,7/1/2017,473552
retail&food_total,2017,8,8/1/2017,474449
retail&food_total,2017,9,9/1/2017,484163
retail&food_total,2017,10,10/1/2017,484848
retail&food_total,2017,11,11/1/2017,490013
retail&food_total,2017,12,12/1/2017,492579
retail&food_total,2016,1,1/1/2016,447376
retail&food_total,2016,2,2/1/2016,451898
retail&food_total,2016,3,3/1/2016,450462
retail&food_total,2016,4,4/1/2016,452238
retail&food_total,2016,5,5/1/2016,453898
retail&food_total,2016,6,6/1/2016,458711
retail&food_total,2016,7,7/1/2016,457894
retail&food_total,2016,8,8/1/2016,458375
retail&food_total,2016,9,9/1/2016,461400
retail&food_total,2016,10,10/1/2016,462362
retail&food_total,2016,11,11/1/2016,462231
retail&food_total,2016,12,12/1/2016,467852
retail&food_total,2015,1,1/1/2015,436125
retail&food_total,2015,2,2/1/2015,435450
retail&food_total,2015,3,3/1/2015,441895
retail&food_total,2015,4,4/1/2015,442967
retail&food_total,2015,5,5/1/2015,446114
retail&food_total,2015,6,6/1/2015,446572
retail&food_total,2015,7,7/1/2015,450143
retail&food_total,2015,8,8/1/2015,450168
retail&food_total,2015,9,9/1/2015,448090
retail&food_total,2015,10,10/1/2015,446905
retail&food_total,2015,11,11/1/2015,448738
retail&food_total,2015,12,12/1/2015,450598
retail&food_excl_veh,2024,1,1/1/2024,564886
retail&food_excl_veh,2024,2,2/1/2024,566846
retail&food_excl_veh,2024,3,3/1/2024,570253
retail&food_excl_veh,2024,4,4/1/2024,570577
retail&food_excl_veh,2024,5,5/1/2024,570764
retail&food_excl_veh,2024,6,6/1/2024,573599
retail&food_excl_veh,2024,7,7/1/2024,576484
retail&food_excl_veh,2024,8,8/1/2024,576099
retail&food_excl_veh,2024,9,9/1/2024,581688
retail&food_excl_veh,2024,10,10/1/2024,582737
retail&food_excl_veh,2024,11,11/1/2024,583946
retail&food_excl_veh,2023,1,1/1/2023,560045
retail&food_excl_veh,2023,2,2/1/2023,555928
retail&food_excl_veh,2023,3,3/1/2023,549907
retail&food_excl_veh,2023,4,4/1/2023,552715
retail&food_excl_veh,2023,5,5/1/2023,554719
retail&food_excl_veh,2023,6,6/1/2023,555369
retail&food_excl_veh,2023,7,7/1/2023,558584
retail&food_excl_veh,2023,8,8/1/2023,563381
retail&food_excl_veh,2023,9,9/1/2023,567782
retail&food_excl_veh,2023,10,10/1/2023,567152
retail&food_excl_veh,2023,11,11/1/2023,564944
retail&food_excl_veh,2023,12,12/1/2023,569792
retail&food_excl_veh,2022,1,1/1/2022,515204
retail&food_excl_veh,2022,2,2/1/2022,520961
retail&food_excl_veh,2022,3,3/1/2022,535564
retail&food_excl_veh,2022,4,4/1/2022,542369
retail&food_excl_veh,2022,5,5/1/2022,545667
retail&food_excl_veh,2022,6,6/1/2022,550125
retail&food_excl_veh,2022,7,7/1/2022,547617
retail&food_excl_veh,2022,8,8/1/2022,548150
retail&food_excl_veh,2022,9,9/1/2022,547395
retail&food_excl_veh,2022,10,10/1/2022,553149
retail&food_excl_veh,2022,11,11/1/2022,547867
retail&food_excl_veh,2022,12,12/1/2022,544358
retail&food_excl_veh,2021,1,1/1/2021,456234
retail&food_excl_veh,2021,2,2/1/2021,444792
retail&food_excl_veh,2021,3,3/1/2021,485780
retail&food_excl_veh,2021,4,4/1/2021,488795
retail&food_excl_veh,2021,5,5/1/2021,485306
retail&food_excl_veh,2021,6,6/1/2021,495623
retail&food_excl_veh,2021,7,7/1/2021,490570
retail&food_excl_veh,2021,8,8/1/2021,497954
retail&food_excl_veh,2021,9,9/1/2021,500530
retail&food_excl_veh,2021,10,10/1/2021,508378
retail&food_excl_veh,2021,11,11/1/2021,513205
retail&food_excl_veh,2021,12,12/1/2021,510926
retail&food_excl_veh,2020,1,1/1/2020,423094
retail&food_excl_veh,2020,2,2/1/2020,422416
retail&food_excl_veh,2020,3,3/1/2020,401728
retail&food_excl_veh,2020,4,4/1/2020,342849
retail&food_excl_veh,2020,5,5/1/2020,386584
retail&food_excl_veh,2020,6,6/1/2020,420143
retail&food_excl_veh,2020,7,7/1/2020,429142
retail&food_excl_veh,2020,8,8/1/2020,433213
retail&food_excl_veh,2020,9,9/1/2020,440259
retail&food_excl_veh,2020,10,10/1/2020,438994
retail&food_excl_veh,2020,11,11/1/2020,435206
retail&food_excl_veh,2020,12,12/1/2020,437961
retail&food_excl_veh,2019,1,1/1/2019,400975
retail&food_excl_veh,2019,2,2/1/2019,400446
retail&food_excl_veh,2019,3,3/1/2019,405566
retail&food_excl_veh,2019,4,4/1/2019,408179
retail&food_excl_veh,2019,5,5/1/2019,409972
retail&food_excl_veh,2019,6,6/1/2019,411009
retail&food_excl_veh,2019,7,7/1/2019,414802
retail&food_excl_veh,2019,8,8/1/2019,415683
retail&food_excl_veh,2019,9,9/1/2019,414939
retail&food_excl_veh,2019,10,10/1/2019,416565
retail&food_excl_veh,2019,11,11/1/2019,417162
retail&food_excl_veh,2019,12,12/1/2019,421008
retail&food_excl_veh,2018,1,1/1/2018,390478
retail&food_excl_veh,2018,2,2/1/2018,393621
retail&food_excl_veh,2018,3,3/1/2018,393112
retail&food_excl_veh,2018,4,4/1/2018,394497
retail&food_excl_veh,2018,5,5/1/2018,400155
retail&food_excl_veh,2018,6,6/1/2018,398827
retail&food_excl_veh,2018,7,7/1/2018,401378
retail&food_excl_veh,2018,8,8/1/2018,401912
retail&food_excl_veh,2018,9,9/1/2018,400619
retail&food_excl_veh,2018,10,10/1/2018,405531
retail&food_excl_veh,2018,11,11/1/2018,406156
retail&food_excl_veh,2018,12,12/1/2018,394765
retail&food_excl_veh,2017,1,1/1/2017,373649
retail&food_excl_veh,2017,2,2/1/2017,374178
retail&food_excl_veh,2017,3,3/1/2017,375324
retail&food_excl_veh,2017,4,4/1/2017,376592
retail&food_excl_veh,2017,5,5/1/2017,373836
retail&food_excl_veh,2017,6,6/1/2017,374836
retail&food_excl_veh,2017,7,7/1/2017,374694
retail&food_excl_veh,2017,8,8/1/2017,377727
retail&food_excl_veh,2017,9,9/1/2017,383328
retail&food_excl_veh,2017,10,10/1/2017,383302
retail&food_excl_veh,2017,11,11/1/2017,389356
retail&food_excl_veh,2017,12,12/1/2017,392099
retail&food_excl_veh,2016,1,1/1/2016,354186
retail&food_excl_veh,2016,2,2/1/2016,356316
retail&food_excl_veh,2016,3,3/1/2016,356820
retail&food_excl_veh,2016,4,4/1/2016,358400
retail&food_excl_veh,2016,5,5/1/2016,359692
retail&food_excl_veh,2016,6,6/1/2016,363863
retail&food_excl_veh,2016,7,7/1/2016,361779
retail&food_excl_veh,2016,8,8/1/2016,361951
retail&food_excl_veh,2016,9,9/1/2016,364054
retail&food_excl_veh,2016,10,10/1/2016,365338
retail&food_excl_veh,2016,11,11/1/2016,365542
retail&food_excl_veh,2016,12,12/1/2016,368424
retail&food_excl_veh,2015,1,1/1/2015,347543
retail&food_excl_veh,2015,2,2/1/2015,348097
retail&food_excl_veh,2015,3,3/1/2015,350761
retail&food_excl_veh,2015,4,4/1/2015,351115
retail&food_excl_veh,2015,5,5/1/2015,353644
retail&food_excl_veh,2015,6,6/1/2015,354174
retail&food_excl_veh,2015,7,7/1/2015,357476
retail&food_excl_veh,2015,8,8/1/2015,356955
retail&food_excl_veh,2015,9,9/1/2015,354397
retail&food_excl_veh,2015,10,10/1/2015,354008
retail&food_excl_veh,2015,11,11/1/2015,354712
retail&food_excl_veh,2015,12,12/1/2015,357016
retail&food_excl_gas,2024,1,1/1/2024,643255
retail&food_excl_gas,2024,2,2/1/2024,647122
retail&food_excl_gas,2024,3,3/1/2024,649937
retail&food_excl_gas,2024,4,4/1/2024,648018
retail&food_excl_gas,2024,5,5/1/2024,650869
retail&food_excl_gas,2024,6,6/1/2024,650010
retail&food_excl_gas,2024,7,7/1/2024,658226
retail&food_excl_gas,2024,8,8/1/2024,657874
retail&food_excl_gas,2024,9,9/1/2024,664976
retail&food_excl_gas,2024,10,10/1/2024,668887
retail&food_excl_gas,2024,11,11/1/2024,674337
retail&food_excl_gas,2023,1,1/1/2023,637432
retail&food_excl_gas,2023,2,2/1/2023,631201
retail&food_excl_gas,2023,3,3/1/2023,624204
retail&food_excl_gas,2023,4,4/1/2023,629704
retail&food_excl_gas,2023,5,5/1/2023,634112
retail&food_excl_gas,2023,6,6/1/2023,636630
retail&food_excl_gas,2023,7,7/1/2023,638567
retail&food_excl_gas,2023,8,8/1/2023,640626
retail&food_excl_gas,2023,9,9/1/2023,644488
retail&food_excl_gas,2023,10,10/1/2023,643819
retail&food_excl_gas,2023,11,11/1/2023,643593
retail&food_excl_gas,2023,12,12/1/2023,648631
retail&food_excl_gas,2022,1,1/1/2022,590364
retail&food_excl_gas,2022,2,2/1/2022,594494
retail&food_excl_gas,2022,3,3/1/2022,600984
retail&food_excl_gas,2022,4,4/1/2022,609424
retail&food_excl_gas,2022,5,5/1/2022,604361
retail&food_excl_gas,2022,6,6/1/2022,607765
retail&food_excl_gas,2022,7,7/1/2022,605046
retail&food_excl_gas,2022,8,8/1/2022,614053
retail&food_excl_gas,2022,9,9/1/2022,614917
retail&food_excl_gas,2022,10,10/1/2022,621270
retail&food_excl_gas,2022,11,11/1/2022,614047
retail&food_excl_gas,2022,12,12/1/2022,610208
retail&food_excl_gas,2021,1,1/1/2021,529566
retail&food_excl_gas,2021,2,2/1/2021,513745
retail&food_excl_gas,2021,3,3/1/2021,569911
retail&food_excl_gas,2021,4,4/1/2021,577491
retail&food_excl_gas,2021,5,5/1/2021,569958
retail&food_excl_gas,2021,6,6/1/2021,575470
retail&food_excl_gas,2021,7,7/1/2021,565145
retail&food_excl_gas,2021,8,8/1/2021,568272
retail&food_excl_gas,2021,9,9/1/2021,570378
retail&food_excl_gas,2021,10,10/1/2021,578679
retail&food_excl_gas,2021,11,11/1/2021,584841
retail&food_excl_gas,2021,12,12/1/2021,578177
retail&food_excl_gas,2020,1,1/1/2020,482009
retail&food_excl_gas,2020,2,2/1/2020,483899
retail&food_excl_gas,2020,3,3/1/2020,442652
retail&food_excl_gas,2020,4,4/1/2020,381236
retail&food_excl_gas,2020,5,5/1/2020,454933
retail&food_excl_gas,2020,6,6/1/2020,493104
retail&food_excl_gas,2020,7,7/1/2020,500173
retail&food_excl_gas,2020,8,8/1/2020,504095
retail&food_excl_gas,2020,9,9/1/2020,514547
retail&food_excl_gas,2020,10,10/1/2020,512761
retail&food_excl_gas,2020,11,11/1/2020,508888
retail&food_excl_gas,2020,12,12/1/2020,510421
retail&food_excl_gas,2019,1,1/1/2019,460206
retail&food_excl_gas,2019,2,2/1/2019,459437
retail&food_excl_gas,2019,3,3/1/2019,465739
retail&food_excl_gas,2019,4,4/1/2019,464830
retail&food_excl_gas,2019,5,5/1/2019,469019
retail&food_excl_gas,2019,6,6/1/2019,471548
retail&food_excl_gas,2019,7,7/1/2019,475443
retail&food_excl_gas,2019,8,8/1/2019,478545
retail&food_excl_gas,2019,9,9/1/2019,475744
retail&food_excl_gas,2019,10,10/1/2019,476834
retail&food_excl_gas,2019,11,11/1/2019,480236
retail&food_excl_gas,2019,12,12/1/2019,480804
retail&food_excl_gas,2018,1,1/1/2018,447525
retail&food_excl_gas,2018,2,2/1/2018,450154
retail&food_excl_gas,2018,3,3/1/2018,450109
retail&food_excl_gas,2018,4,4/1/2018,451317
retail&food_excl_gas,2018,5,5/1/2018,456886
retail&food_excl_gas,2018,6,6/1/2018,455407
retail&food_excl_gas,2018,7,7/1/2018,458259
retail&food_excl_gas,2018,8,8/1/2018,457281
retail&food_excl_gas,2018,9,9/1/2018,455855
retail&food_excl_gas,2018,10,10/1/2018,459751
retail&food_excl_gas,2018,11,11/1/2018,463748
retail&food_excl_gas,2018,12,12/1/2018,455942
retail&food_excl_gas,2017,1,1/1/2017,433070
retail&food_excl_gas,2017,2,2/1/2017,432705
retail&food_excl_gas,2017,3,3/1/2017,432252
retail&food_excl_gas,2017,4,4/1/2017,434210
retail&food_excl_gas,2017,5,5/1/2017,433503
retail&food_excl_gas,2017,6,6/1/2017,436086
retail&food_excl_gas,2017,7,7/1/2017,436143
retail&food_excl_gas,2017,8,8/1/2017,435824
retail&food_excl_gas,2017,9,9/1/2017,443339
retail&food_excl_gas,2017,10,10/1/2017,444064
retail&food_excl_gas,2017,11,11/1/2017,448178
retail&food_excl_gas,2017,12,12/1/2017,449903
retail&food_excl_gas,2016,1,1/1/2016,412824
retail&food_excl_gas,2016,2,2/1/2016,418981
retail&food_excl_gas,2016,3,3/1/2016,416285
retail&food_excl_gas,2016,4,4/1/2016,417019
retail&food_excl_gas,2016,5,5/1/2016,417892
retail&food_excl_gas,2016,6,6/1/2016,421576
retail&food_excl_gas,2016,7,7/1/2016,421078
retail&food_excl_gas,2016,8,8/1/2016,422414
retail&food_excl_gas,2016,9,9/1/2016,424495
retail&food_excl_gas,2016,10,10/1/2016,424503
retail&food_excl_gas,2016,11,11/1/2016,424748
retail&food_excl_gas,2016,12,12/1/2016,428466
retail&food_excl_gas,2015,1,1/1/2015,399511
retail&food_excl_gas,2015,2,2/1/2015,397606
retail&food_excl_gas,2015,3,3/1/2015,403530
retail&food_excl_gas,2015,4,4/1/2015,405185
retail&food_excl_gas,2015,5,5/1/2015,406821
retail&food_excl_gas,2015,6,6/1/2015,406737
retail&food_excl_gas,2015,7,7/1/2015,409830
retail&food_excl_gas,2015,8,8/1/2015,410993
retail&food_excl_gas,2015,9,9/1/2015,411188
retail&food_excl_gas,2015,10,10/1/2015,410358
retail&food_excl_gas,2015,11,11/1/2015,412662
retail&food_excl_gas,2015,12,12/1/2015,414678
retail&food_excl_veh_gas,2024,1,1/1/2024,512510
retail&food_excl_veh_gas,2024,2,2/1/2024,513449
retail&food_excl_veh_gas,2024,3,3/1/2024,516452
retail&food_excl_veh_gas,2024,4,4/1/2024,515914
retail&food_excl_veh_gas,2024,5,5/1/2024,517324
retail&food_excl_veh_gas,2024,6,6/1/2024,521259
retail&food_excl_veh_gas,2024,7,7/1/2024,523859
retail&food_excl_veh_gas,2024,8,8/1/2024,523935
retail&food_excl_veh_gas,2024,9,9/1/2024,530276
retail&food_excl_veh_gas,2024,10,10/1/2024,531231
retail&food_excl_veh_gas,2024,11,11/1/2024,532358
retail&food_excl_veh_gas,2023,1,1/1/2023,503651
retail&food_excl_veh_gas,2023,2,2/1/2023,500695
retail&food_excl_veh_gas,2023,3,3/1/2023,495044
retail&food_excl_veh_gas,2023,4,4/1/2023,498721
retail&food_excl_veh_gas,2023,5,5/1/2023,502159
retail&food_excl_veh_gas,2023,6,6/1/2023,503189
retail&food_excl_veh_gas,2023,7,7/1/2023,506510
retail&food_excl_veh_gas,2023,8,8/1/2023,507769
retail&food_excl_veh_gas,2023,9,9/1/2023,510161
retail&food_excl_veh_gas,2023,10,10/1/2023,511606
retail&food_excl_veh_gas,2023,11,11/1/2023,511370
retail&food_excl_veh_gas,2023,12,12/1/2023,516751
retail&food_excl_veh_gas,2022,1,1/1/2022,461534
retail&food_excl_veh_gas,2022,2,2/1/2022,464933
retail&food_excl_veh_gas,2022,3,3/1/2022,472381
retail&food_excl_veh_gas,2022,4,4/1/2022,478548
retail&food_excl_veh_gas,2022,5,5/1/2022,478988
retail&food_excl_veh_gas,2022,6,6/1/2022,482188
retail&food_excl_veh_gas,2022,7,7/1/2022,481596
retail&food_excl_veh_gas,2022,8,8/1/2022,487096
retail&food_excl_veh_gas,2022,9,9/1/2022,489000
retail&food_excl_veh_gas,2022,10,10/1/2022,492671
retail&food_excl_veh_gas,2022,11,11/1/2022,488240
retail&food_excl_veh_gas,2022,12,12/1/2022,487832
retail&food_excl_veh_gas,2021,1,1/1/2021,415290
retail&food_excl_veh_gas,2021,2,2/1/2021,403048
retail&food_excl_veh_gas,2021,3,3/1/2021,439343
retail&food_excl_veh_gas,2021,4,4/1/2021,443581
retail&food_excl_veh_gas,2021,5,5/1/2021,439721
retail&food_excl_veh_gas,2021,6,6/1/2021,448968
retail&food_excl_veh_gas,2021,7,7/1/2021,443068
retail&food_excl_veh_gas,2021,8,8/1/2021,449334
retail&food_excl_veh_gas,2021,9,9/1/2021,450379
retail&food_excl_veh_gas,2021,10,10/1/2021,456495
retail&food_excl_veh_gas,2021,11,11/1/2021,460271
retail&food_excl_veh_gas,2021,12,12/1/2021,456588
retail&food_excl_veh_gas,2020,1,1/1/2020,379692
retail&food_excl_veh_gas,2020,2,2/1/2020,380935
retail&food_excl_veh_gas,2020,3,3/1/2020,366704
retail&food_excl_veh_gas,2020,4,4/1/2020,315773
retail&food_excl_veh_gas,2020,5,5/1/2020,356539
retail&food_excl_veh_gas,2020,6,6/1/2020,386277
retail&food_excl_veh_gas,2020,7,7/1/2020,393671
retail&food_excl_veh_gas,2020,8,8/1/2020,396885
retail&food_excl_veh_gas,2020,9,9/1/2020,403675
retail&food_excl_veh_gas,2020,10,10/1/2020,402484
retail&food_excl_veh_gas,2020,11,11/1/2020,399673
retail&food_excl_veh_gas,2020,12,12/1/2020,399082
retail&food_excl_veh_gas,2019,1,1/1/2019,360973
retail&food_excl_veh_gas,2019,2,2/1/2019,358955
retail&food_excl_veh_gas,2019,3,3/1/2019,362361
retail&food_excl_veh_gas,2019,4,4/1/2019,363445
retail&food_excl_veh_gas,2019,5,5/1/2019,366061
retail&food_excl_veh_gas,2019,6,6/1/2019,368841
retail&food_excl_veh_gas,2019,7,7/1/2019,371971
retail&food_excl_veh_gas,2019,8,8/1/2019,372880
retail&food_excl_veh_gas,2019,9,9/1/2019,372495
retail&food_excl_veh_gas,2019,10,10/1/2019,373604
retail&food_excl_veh_gas,2019,11,11/1/2019,374278
retail&food_excl_veh_gas,2019,12,12/1/2019,376858
retail&food_excl_veh_gas,2018,1,1/1/2018,347577
retail&food_excl_veh_gas,2018,2,2/1/2018,350441
retail&food_excl_veh_gas,2018,3,3/1/2018,350199
retail&food_excl_veh_gas,2018,4,4/1/2018,351316
retail&food_excl_veh_gas,2018,5,5/1/2018,356111
retail&food_excl_veh_gas,2018,6,6/1/2018,355016
retail&food_excl_veh_gas,2018,7,7/1/2018,357382
retail&food_excl_veh_gas,2018,8,8/1/2018,357231
retail&food_excl_veh_gas,2018,9,9/1/2018,356441
retail&food_excl_veh_gas,2018,10,10/1/2018,359660
retail&food_excl_veh_gas,2018,11,11/1/2018,362626
retail&food_excl_veh_gas,2018,12,12/1/2018,353734
retail&food_excl_veh_gas,2017,1,1/1/2017,333700
retail&food_excl_veh_gas,2017,2,2/1/2017,333938
retail&food_excl_veh_gas,2017,3,3/1/2017,335427
retail&food_excl_veh_gas,2017,4,4/1/2017,336816
retail&food_excl_veh_gas,2017,5,5/1/2017,335709
retail&food_excl_veh_gas,2017,6,6/1/2017,337376
retail&food_excl_veh_gas,2017,7,7/1/2017,337285
retail&food_excl_veh_gas,2017,8,8/1/2017,339102
retail&food_excl_veh_gas,2017,9,9/1/2017,342504
retail&food_excl_veh_gas,2017,10,10/1/2017,342518
retail&food_excl_veh_gas,2017,11,11/1/2017,347521
retail&food_excl_veh_gas,2017,12,12/1/2017,349423
retail&food_excl_veh_gas,2016,1,1/1/2016,319634
retail&food_excl_veh_gas,2016,2,2/1/2016,323399
retail&food_excl_veh_gas,2016,3,3/1/2016,322643
retail&food_excl_veh_gas,2016,4,4/1/2016,323181
retail&food_excl_veh_gas,2016,5,5/1/2016,323686
retail&food_excl_veh_gas,2016,6,6/1/2016,326728
retail&food_excl_veh_gas,2016,7,7/1/2016,324963
retail&food_excl_veh_gas,2016,8,8/1/2016,325990
retail&food_excl_veh_gas,2016,9,9/1/2016,327149
retail&food_excl_veh_gas,2016,10,10/1/2016,327479
retail&food_excl_veh_gas,2016,11,11/1/2016,328059
retail&food_excl_veh_gas,2016,12,12/1/2016,329038
retail&food_excl_veh_gas,2015,1,1/1/2015,310929
retail&food_excl_veh_gas,2015,2,2/1/2015,310253
retail&food_excl_veh_gas,2015,3,3/1/2015,312396
retail&food_excl_veh_gas,2015,4,4/1/2015,313333
retail&food_excl_veh_gas,2015,5,5/1/2015,314351
retail&food_excl_veh_gas,2015,6,6/1/2015,314339
retail&food_excl_veh_gas,2015,7,7/1/2015,317163
retail&food_excl_veh_gas,2015,8,8/1/2015,317780
retail&food_excl_veh_gas,2015,9,9/1/2015,317495
retail&food_excl_veh_gas,2015,10,10/1/2015,317461
retail&food_excl_veh_gas,2015,11,11/1/2015,318636
retail&food_excl_veh_gas,2015,12,12/1/2015,321096
retail_total,2024,1,1/1/2024,601921
retail_total,2024,2,2/1/2024,606720
retail_total,2024,3,3/1/2024,610060
retail_total,2024,4,4/1/2024,608458
retail_total,2024,5,5/1/2024,610010
retail_total,2024,6,6/1/2024,607986
retail_total,2024,7,7/1/2024,615960
retail_total,2024,8,8/1/2024,614535
retail_total,2024,9,9/1/2024,620104
retail_total,2024,10,10/1/2024,623269
retail_total,2024,11,11/1/2024,628727
retail_total,2023,1,1/1/2023,603496
retail_total,2023,2,2/1/2023,598274
retail_total,2023,3,3/1/2023,590606
retail_total,2023,4,4/1/2023,594962
retail_total,2023,5,5/1/2023,596688
retail_total,2023,6,6/1/2023,598006
retail_total,2023,7,7/1/2023,599270
retail_total,2023,8,8/1/2023,604187
retail_total,2023,9,9/1/2023,609130
retail_total,2023,10,10/1/2023,606170
retail_total,2023,11,11/1/2023,602896
retail_total,2023,12,12/1/2023,606961
retail_total,2022,1,1/1/2022,571325
retail_total,2022,2,2/1/2022,574609
retail_total,2022,3,3/1/2022,585912
retail_total,2022,4,4/1/2022,592141
retail_total,2022,5,5/1/2022,589282
retail_total,2022,6,6/1/2022,593360
retail_total,2022,7,7/1/2022,589039
retail_total,2022,8,8/1/2022,590987
retail_total,2022,9,9/1/2022,588894
retail_total,2022,10,10/1/2022,595839
retail_total,2022,11,11/1/2022,588309
retail_total,2022,12,12/1/2022,581749
retail_total,2021,1,1/1/2021,511693
retail_total,2021,2,2/1/2021,498200
retail_total,2021,3,3/1/2021,550963
retail_total,2021,4,4/1/2021,554420
retail_total,2021,5,5/1/2021,545289
retail_total,2021,6,6/1/2021,548693
retail_total,2021,7,7/1/2021,537817
retail_total,2021,8,8/1/2021,542140
retail_total,2021,9,9/1/2021,545726
retail_total,2021,10,10/1/2021,555517
retail_total,2021,11,11/1/2021,562175
retail_total,2021,12,12/1/2021,558148
retail_total,2020,1,1/1/2020,456420
retail_total,2020,2,2/1/2020,456401
retail_total,2020,3,3/1/2020,429196
retail_total,2020,4,4/1/2020,376918
retail_total,2020,5,5/1/2020,443726
retail_total,2020,6,6/1/2020,473811
retail_total,2020,7,7/1/2020,480116
retail_total,2020,8,8/1/2020,482243
retail_total,2020,9,9/1/2020,491386
retail_total,2020,10,10/1/2020,489705
retail_total,2020,11,11/1/2020,487287
retail_total,2020,12,12/1/2020,495533
retail_total,2019,1,1/1/2019,438860
retail_total,2019,2,2/1/2019,439249
retail_total,2019,3,3/1/2019,446687
retail_total,2019,4,4/1/2019,446833
retail_total,2019,5,5/1/2019,449524
retail_total,2019,6,6/1/2019,449409
retail_total,2019,7,7/1/2019,453221
retail_total,2019,8,8/1/2019,456082
retail_total,2019,9,9/1/2019,452230
retail_total,2019,10,10/1/2019,453365
retail_total,2019,11,11/1/2019,456587
retail_total,2019,12,12/1/2019,457253
retail_total,2018,1,1/1/2018,431006
retail_total,2018,2,2/1/2018,433647
retail_total,2018,3,3/1/2018,432774
retail_total,2018,4,4/1/2018,434998
retail_total,2018,5,5/1/2018,440091
retail_total,2018,6,6/1/2018,437762
retail_total,2018,7,7/1/2018,440024
retail_total,2018,8,8/1/2018,439439
retail_total,2018,9,9/1/2018,438880
retail_total,2018,10,10/1/2018,443924
retail_total,2018,11,11/1/2018,445847
retail_total,2018,12,12/1/2018,435613
retail_total,2017,1,1/1/2017,415660
retail_total,2017,2,2/1/2017,415563
retail_total,2017,3,3/1/2017,414869
retail_total,2017,4,4/1/2017,416613
retail_total,2017,5,5/1/2017,414253
retail_total,2017,6,6/1/2017,416255
retail_total,2017,7,7/1/2017,416403
retail_total,2017,8,8/1/2017,416861
retail_total,2017,9,9/1/2017,426256
retail_total,2017,10,10/1/2017,426561
retail_total,2017,11,11/1/2017,431085
retail_total,2017,12,12/1/2017,433299
retail_total,2016,1,1/1/2016,394305
retail_total,2016,2,2/1/2016,397747
retail_total,2016,3,3/1/2016,396522
retail_total,2016,4,4/1/2016,397977
retail_total,2016,5,5/1/2016,399587
retail_total,2016,6,6/1/2016,404408
retail_total,2016,7,7/1/2016,403560
retail_total,2016,8,8/1/2016,403580
retail_total,2016,9,9/1/2016,405979
retail_total,2016,10,10/1/2016,407000
retail_total,2016,11,11/1/2016,405846
retail_total,2016,12,12/1/2016,412437
retail_total,2015,1,1/1/2015,385312
retail_total,2015,2,2/1/2015,384779
retail_total,2015,3,3/1/2015,390738
retail_total,2015,4,4/1/2015,391246
retail_total,2015,5,5/1/2015,394260
retail_total,2015,6,6/1/2015,394652
retail_total,2015,7,7/1/2015,397994
retail_total,2015,8,8/1/2015,397712
retail_total,2015,9,9/1/2015,395625
retail_total,2015,10,10/1/2015,394121
retail_total,2015,11,11/1/2015,395827
retail_total,2015,12,12/1/2015,396822
retail_total_excl_veh,2024,1,1/1/2024,471176
retail_total_excl_veh,2024,2,2/1/2024,473047
retail_total_excl_veh,2024,3,3/1/2024,476575
retail_total_excl_veh,2024,4,4/1/2024,476354
retail_total_excl_veh,2024,5,5/1/2024,476465
retail_total_excl_veh,2024,6,6/1/2024,479235
retail_total_excl_veh,2024,7,7/1/2024,481593
retail_total_excl_veh,2024,8,8/1/2024,480596
retail_total_excl_veh,2024,9,9/1/2024,485404
retail_total_excl_veh,2024,10,10/1/2024,485613
retail_total_excl_veh,2024,11,11/1/2024,486748
retail_total_excl_veh,2023,1,1/1/2023,469715
retail_total_excl_veh,2023,2,2/1/2023,467768
retail_total_excl_veh,2023,3,3/1/2023,461446
retail_total_excl_veh,2023,4,4/1/2023,463979
retail_total_excl_veh,2023,5,5/1/2023,464735
retail_total_excl_veh,2023,6,6/1/2023,464565
retail_total_excl_veh,2023,7,7/1/2023,467213
retail_total_excl_veh,2023,8,8/1/2023,471330
retail_total_excl_veh,2023,9,9/1/2023,474803
retail_total_excl_veh,2023,10,10/1/2023,473957
retail_total_excl_veh,2023,11,11/1/2023,470673
retail_total_excl_veh,2023,12,12/1/2023,475081
retail_total_excl_veh,2022,1,1/1/2022,442495
retail_total_excl_veh,2022,2,2/1/2022,445048
retail_total_excl_veh,2022,3,3/1/2022,457309
retail_total_excl_veh,2022,4,4/1/2022,461265
retail_total_excl_veh,2022,5,5/1/2022,463909
retail_total_excl_veh,2022,6,6/1/2022,467783
retail_total_excl_veh,2022,7,7/1/2022,465589
retail_total_excl_veh,2022,8,8/1/2022,464030
retail_total_excl_veh,2022,9,9/1/2022,462977
retail_total_excl_veh,2022,10,10/1/2022,467240
retail_total_excl_veh,2022,11,11/1/2022,462502
retail_total_excl_veh,2022,12,12/1/2022,459373
retail_total_excl_veh,2021,1,1/1/2021,397417
retail_total_excl_veh,2021,2,2/1/2021,387503
retail_total_excl_veh,2021,3,3/1/2021,420395
retail_total_excl_veh,2021,4,4/1/2021,420510
retail_total_excl_veh,2021,5,5/1/2021,415052
retail_total_excl_veh,2021,6,6/1/2021,422191
retail_total_excl_veh,2021,7,7/1/2021,415740
retail_total_excl_veh,2021,8,8/1/2021,423202
retail_total_excl_veh,2021,9,9/1/2021,425727
retail_total_excl_veh,2021,10,10/1/2021,433333
retail_total_excl_veh,2021,11,11/1/2021,437605
retail_total_excl_veh,2021,12,12/1/2021,436559
retail_total_excl_veh,2020,1,1/1/2020,354103
retail_total_excl_veh,2020,2,2/1/2020,353437
retail_total_excl_veh,2020,3,3/1/2020,353248
retail_total_excl_veh,2020,4,4/1/2020,311455
retail_total_excl_veh,2020,5,5/1/2020,345332
retail_total_excl_veh,2020,6,6/1/2020,366984
retail_total_excl_veh,2020,7,7/1/2020,373614
retail_total_excl_veh,2020,8,8/1/2020,375033
retail_total_excl_veh,2020,9,9/1/2020,380514
retail_total_excl_veh,2020,10,10/1/2020,379428
retail_total_excl_veh,2020,11,11/1/2020,378072
retail_total_excl_veh,2020,12,12/1/2020,384194
retail_total_excl_veh,2019,1,1/1/2019,339627
retail_total_excl_veh,2019,2,2/1/2019,338767
retail_total_excl_veh,2019,3,3/1/2019,343309
retail_total_excl_veh,2019,4,4/1/2019,345448
retail_total_excl_veh,2019,5,5/1/2019,346566
retail_total_excl_veh,2019,6,6/1/2019,346702
retail_total_excl_veh,2019,7,7/1/2019,349749
retail_total_excl_veh,2019,8,8/1/2019,350417
retail_total_excl_veh,2019,9,9/1/2019,348981
retail_total_excl_veh,2019,10,10/1/2019,350135
retail_total_excl_veh,2019,11,11/1/2019,350629
retail_total_excl_veh,2019,12,12/1/2019,353307
retail_total_excl_veh,2018,1,1/1/2018,331058
retail_total_excl_veh,2018,2,2/1/2018,333934
retail_total_excl_veh,2018,3,3/1/2018,332864
retail_total_excl_veh,2018,4,4/1/2018,334997
retail_total_excl_veh,2018,5,5/1/2018,339316
retail_total_excl_veh,2018,6,6/1/2018,337371
retail_total_excl_veh,2018,7,7/1/2018,339147
retail_total_excl_veh,2018,8,8/1/2018,339389
retail_total_excl_veh,2018,9,9/1/2018,339466
retail_total_excl_veh,2018,10,10/1/2018,343833
retail_total_excl_veh,2018,11,11/1/2018,344725
retail_total_excl_veh,2018,12,12/1/2018,333405
retail_total_excl_veh,2017,1,1/1/2017,316290
retail_total_excl_veh,2017,2,2/1/2017,316796
retail_total_excl_veh,2017,3,3/1/2017,318044
retail_total_excl_veh,2017,4,4/1/2017,319219
retail_total_excl_veh,2017,5,5/1/2017,316459
retail_total_excl_veh,2017,6,6/1/2017,317545
retail_total_excl_veh,2017,7,7/1/2017,317545
retail_total_excl_veh,2017,8,8/1/2017,320139
retail_total_excl_veh,2017,9,9/1/2017,325421
retail_total_excl_veh,2017,10,10/1/2017,325015
retail_total_excl_veh,2017,11,11/1/2017,330428
retail_total_excl_veh,2017,12,12/1/2017,332819
retail_total_excl_veh,2016,1,1/1/2016,301115
retail_total_excl_veh,2016,2,2/1/2016,302165
retail_total_excl_veh,2016,3,3/1/2016,302880
retail_total_excl_veh,2016,4,4/1/2016,304139
retail_total_excl_veh,2016,5,5/1/2016,305381
retail_total_excl_veh,2016,6,6/1/2016,309560
retail_total_excl_veh,2016,7,7/1/2016,307445
retail_total_excl_veh,2016,8,8/1/2016,307156
retail_total_excl_veh,2016,9,9/1/2016,308633
retail_total_excl_veh,2016,10,10/1/2016,309976
retail_total_excl_veh,2016,11,11/1/2016,309157
retail_total_excl_veh,2016,12,12/1/2016,313009
retail_total_excl_veh,2015,1,1/1/2015,296730
retail_total_excl_veh,2015,2,2/1/2015,297426
retail_total_excl_veh,2015,3,3/1/2015,299604
retail_total_excl_veh,2015,4,4/1/2015,299394
retail_total_excl_veh,2015,5,5/1/2015,301790
retail_total_excl_veh,2015,6,6/1/2015,302254
retail_total_excl_veh,2015,7,7/1/2015,305327
retail_total_excl_veh,2015,8,8/1/2015,304499
retail_total_excl_veh,2015,9,9/1/2015,301932
retail_total_excl_veh,2015,10,10/1/2015,301224
retail_total_excl_veh,2015,11,11/1/2015,301801
retail_total_excl_veh,2015,12,12/1/2015,303240
vehicles&parts,2024,1,1/1/2024,130745
vehicles&parts,2024,2,2/1/2024,133673
vehicles&parts,2024,3,3/1/2024,133485
vehicles&parts,2024,4,4/1/2024,132104
vehicles&parts,2024,5,5/1/2024,133545
vehicles&parts,2024,6,6/1/2024,128751
vehicles&parts,2024,7,7/1/2024,134367
vehicles&parts,2024,8,8/1/2024,133939
vehicles&parts,2024,9,9/1/2024,134700
vehicles&parts,2024,10,10/1/2024,137656
vehicles&parts,2024,11,11/1/2024,141979
vehicles&parts,2023,1,1/1/2023,133781
vehicles&parts,2023,2,2/1/2023,130506
vehicles&parts,2023,3,3/1/2023,129160
vehicles&parts,2023,4,4/1/2023,130983
vehicles&parts,2023,5,5/1/2023,131953
vehicles&parts,2023,6,6/1/2023,133441
vehicles&parts,2023,7,7/1/2023,132057
vehicles&parts,2023,8,8/1/2023,132857
vehicles&parts,2023,9,9/1/2023,134327
vehicles&parts,2023,10,10/1/2023,132213
vehicles&parts,2023,11,11/1/2023,132223
vehicles&parts,2023,12,12/1/2023,131880
vehicles&parts,2022,1,1/1/2022,128830
vehicles&parts,2022,2,2/1/2022,129561
vehicles&parts,2022,3,3/1/2022,128603
vehicles&parts,2022,4,4/1/2022,130876
vehicles&parts,2022,5,5/1/2022,125373
vehicles&parts,2022,6,6/1/2022,125577
vehicles&parts,2022,7,7/1/2022,123450
vehicles&parts,2022,8,8/1/2022,126957
vehicles&parts,2022,9,9/1/2022,125917
vehicles&parts,2022,10,10/1/2022,128599
vehicles&parts,2022,11,11/1/2022,125807
vehicles&parts,2022,12,12/1/2022,122376
vehicles&parts,2021,1,1/1/2021,114276
vehicles&parts,2021,2,2/1/2021,110697
vehicles&parts,2021,3,3/1/2021,130568
vehicles&parts,2021,4,4/1/2021,133910
vehicles&parts,2021,5,5/1/2021,130237
vehicles&parts,2021,6,6/1/2021,126502
vehicles&parts,2021,7,7/1/2021,122077
vehicles&parts,2021,8,8/1/2021,118938
vehicles&parts,2021,9,9/1/2021,119999
vehicles&parts,2021,10,10/1/2021,122184
vehicles&parts,2021,11,11/1/2021,124570
vehicles&parts,2021,12,12/1/2021,121589
vehicles&parts,2020,1,1/1/2020,102317
vehicles&parts,2020,2,2/1/2020,102964
vehicles&parts,2020,3,3/1/2020,75948
vehicles&parts,2020,4,4/1/2020,65463
vehicles&parts,2020,5,5/1/2020,98394
vehicles&parts,2020,6,6/1/2020,106827
vehicles&parts,2020,7,7/1/2020,106502
vehicles&parts,2020,8,8/1/2020,107210
vehicles&parts,2020,9,9/1/2020,110872
vehicles&parts,2020,10,10/1/2020,110277
vehicles&parts,2020,11,11/1/2020,109215
vehicles&parts,2020,12,12/1/2020,111339
vehicles&parts,2019,1,1/1/2019,99233
vehicles&parts,2019,2,2/1/2019,100482
vehicles&parts,2019,3,3/1/2019,103378
vehicles&parts,2019,4,4/1/2019,101385
vehicles&parts,2019,5,5/1/2019,102958
vehicles&parts,2019,6,6/1/2019,102707
vehicles&parts,2019,7,7/1/2019,103472
vehicles&parts,2019,8,8/1/2019,105665
vehicles&parts,2019,9,9/1/2019,103249
vehicles&parts,2019,10,10/1/2019,103230
vehicles&parts,2019,11,11/1/2019,105958
vehicles&parts,2019,12,12/1/2019,103946
vehicles&parts,2018,1,1/1/2018,99948
vehicles&parts,2018,2,2/1/2018,99713
vehicles&parts,2018,3,3/1/2018,99910
vehicles&parts,2018,4,4/1/2018,100001
vehicles&parts,2018,5,5/1/2018,100775
vehicles&parts,2018,6,6/1/2018,100391
vehicles&parts,2018,7,7/1/2018,100877
vehicles&parts,2018,8,8/1/2018,100050
vehicles&parts,2018,9,9/1/2018,99414
vehicles&parts,2018,10,10/1/2018,100091
vehicles&parts,2018,11,11/1/2018,101122
vehicles&parts,2018,12,12/1/2018,102208
vehicles&parts,2017,1,1/1/2017,99370
vehicles&parts,2017,2,2/1/2017,98767
vehicles&parts,2017,3,3/1/2017,96825
vehicles&parts,2017,4,4/1/2017,97394
vehicles&parts,2017,5,5/1/2017,97794
vehicles&parts,2017,6,6/1/2017,98710
vehicles&parts,2017,7,7/1/2017,98858
vehicles&parts,2017,8,8/1/2017,96722
vehicles&parts,2017,9,9/1/2017,100835
vehicles&parts,2017,10,10/1/2017,101546
vehicles&parts,2017,11,11/1/2017,100657
vehicles&parts,2017,12,12/1/2017,100480
vehicles&parts,2016,1,1/1/2016,93190
vehicles&parts,2016,2,2/1/2016,95582
vehicles&parts,2016,3,3/1/2016,93642
vehicles&parts,2016,4,4/1/2016,93838
vehicles&parts,2016,5,5/1/2016,94206
vehicles&parts,2016,6,6/1/2016,94848
vehicles&parts,2016,7,7/1/2016,96115
vehicles&parts,2016,8,8/1/2016,96424
vehicles&parts,2016,9,9/1/2016,97346
vehicles&parts,2016,10,10/1/2016,97024
vehicles&parts,2016,11,11/1/2016,96689
vehicles&parts,2016,12,12/1/2016,99428
vehicles&parts,2015,1,1/1/2015,88582
vehicles&parts,2015,2,2/1/2015,87353
vehicles&parts,2015,3,3/1/2015,91134
vehicles&parts,2015,4,4/1/2015,91852
vehicles&parts,2015,5,5/1/2015,92470
vehicles&parts,2015,6,6/1/2015,92398
vehicles&parts,2015,7,7/1/2015,92667
vehicles&parts,2015,8,8/1/2015,93213
vehicles&parts,2015,9,9/1/2015,93693
vehicles&parts,2015,10,10/1/2015,92897
vehicles&parts,2015,11,11/1/2015,94026
vehicles&parts,2015,12,12/1/2015,93582
vehicles,2024,1,1/1/2024,119428
vehicles,2024,2,2/1/2024,122433
vehicles,2024,3,3/1/2024,122067
vehicles,2024,4,4/1/2024,120647
vehicles,2024,5,5/1/2024,122039
vehicles,2024,6,6/1/2024,117124
vehicles,2024,7,7/1/2024,122799
vehicles,2024,8,8/1/2024,122394
vehicles,2024,9,9/1/2024,123177
vehicles,2024,10,10/1/2024,126269
vehicles,2024,11,11/1/2024,130327
vehicles,2023,1,1/1/2023,123039
vehicles,2023,2,2/1/2023,119623
vehicles,2023,3,3/1/2023,118674
vehicles,2023,4,4/1/2023,120004
vehicles,2023,5,5/1/2023,120870
vehicles,2023,6,6/1/2023,122210
vehicles,2023,7,7/1/2023,120738
vehicles,2023,8,8/1/2023,121566
vehicles,2023,9,9/1/2023,123017
vehicles,2023,10,10/1/2023,120778
vehicles,2023,11,11/1/2023,120840
vehicles,2023,12,12/1/2023,120545
vehicles,2022,1,1/1/2022,118803
vehicles,2022,2,2/1/2022,119573
vehicles,2022,3,3/1/2022,118541
vehicles,2022,4,4/1/2022,120719
vehicles,2022,5,5/1/2022,115056
vehicles,2022,6,6/1/2022,115312
vehicles,2022,7,7/1/2022,113203
vehicles,2022,8,8/1/2022,116544
vehicles,2022,9,9/1/2022,115291
vehicles,2022,10,10/1/2022,118084
vehicles,2022,11,11/1/2022,115254
vehicles,2022,12,12/1/2022,111653
vehicles,2021,1,1/1/2021,105691
vehicles,2021,2,2/1/2021,102239
vehicles,2021,3,3/1/2021,120865
vehicles,2021,4,4/1/2021,124254
vehicles,2021,5,5/1/2021,120892
vehicles,2021,6,6/1/2021,117122
vehicles,2021,7,7/1/2021,112620
vehicles,2021,8,8/1/2021,109445
vehicles,2021,9,9/1/2021,110549
vehicles,2021,10,10/1/2021,112526
vehicles,2021,11,11/1/2021,114854
vehicles,2021,12,12/1/2021,111514
vehicles,2020,1,1/1/2020,94327
vehicles,2020,2,2/1/2020,95047
vehicles,2020,3,3/1/2020,68873
vehicles,2020,4,4/1/2020,58737
vehicles,2020,5,5/1/2020,90080
vehicles,2020,6,6/1/2020,97914
vehicles,2020,7,7/1/2020,97797
vehicles,2020,8,8/1/2020,98517
vehicles,2020,9,9/1/2020,102320
vehicles,2020,10,10/1/2020,102032
vehicles,2020,11,11/1/2020,100958
vehicles,2020,12,12/1/2020,103058
vehicles,2019,1,1/1/2019,91481
vehicles,2019,2,2/1/2019,92478
vehicles,2019,3,3/1/2019,95268
vehicles,2019,4,4/1/2019,93287
vehicles,2019,5,5/1/2019,94885
vehicles,2019,6,6/1/2019,94602
vehicles,2019,7,7/1/2019,95380
vehicles,2019,8,8/1/2019,97492
vehicles,2019,9,9/1/2019,95207
vehicles,2019,10,10/1/2019,95131
vehicles,2019,11,11/1/2019,97828
vehicles,2019,12,12/1/2019,95904
vehicles,2018,1,1/1/2018,92157
vehicles,2018,2,2/1/2018,91880
vehicles,2018,3,3/1/2018,92095
vehicles,2018,4,4/1/2018,92207
vehicles,2018,5,5/1/2018,92817
vehicles,2018,6,6/1/2018,92479
vehicles,2018,7,7/1/2018,92897
vehicles,2018,8,8/1/2018,92105
vehicles,2018,9,9/1/2018,91395
vehicles,2018,10,10/1/2018,92093
vehicles,2018,11,11/1/2018,93151
vehicles,2018,12,12/1/2018,94274
vehicles,2017,1,1/1/2017,91596
vehicles,2017,2,2/1/2017,91088
vehicles,2017,3,3/1/2017,89067
vehicles,2017,4,4/1/2017,89571
vehicles,2017,5,5/1/2017,90043
vehicles,2017,6,6/1/2017,90996
vehicles,2017,7,7/1/2017,91046
vehicles,2017,8,8/1/2017,89033
vehicles,2017,9,9/1/2017,92953
vehicles,2017,10,10/1/2017,93807
vehicles,2017,11,11/1/2017,92764
vehicles,2017,12,12/1/2017,92351
vehicles,2016,1,1/1/2016,85419
vehicles,2016,2,2/1/2016,87825
vehicles,2016,3,3/1/2016,85988
vehicles,2016,4,4/1/2016,86276
vehicles,2016,5,5/1/2016,86588
vehicles,2016,6,6/1/2016,87115
vehicles,2016,7,7/1/2016,88517
vehicles,2016,8,8/1/2016,88737
vehicles,2016,9,9/1/2016,89718
vehicles,2016,10,10/1/2016,89312
vehicles,2016,11,11/1/2016,89087
vehicles,2016,12,12/1/2016,91246
vehicles,2015,1,1/1/2015,81299
vehicles,2015,2,2/1/2015,79965
vehicles,2015,3,3/1/2015,83684
vehicles,2015,4,4/1/2015,84293
vehicles,2015,5,5/1/2015,84879
vehicles,2015,6,6/1/2015,84720
vehicles,2015,7,7/1/2015,84932
vehicles,2015,8,8/1/2015,85581
vehicles,2015,9,9/1/2015,86111
vehicles,2015,10,10/1/2015,85302
vehicles,2015,11,11/1/2015,86298
vehicles,2015,12,12/1/2015,85921
vehicle_parts,2024,1,1/1/2024,11317
vehicle_parts,2024,2,2/1/2024,11240
vehicle_parts,2024,3,3/1/2024,11418
vehicle_parts,2024,4,4/1/2024,11457
vehicle_parts,2024,5,5/1/2024,11506
vehicle_parts,2024,6,6/1/2024,11627
vehicle_parts,2024,7,7/1/2024,11568
vehicle_parts,2024,8,8/1/2024,11545
vehicle_parts,2024,9,9/1/2024,11523
vehicle_parts,2024,10,10/1/2024,11387
vehicle_parts,2024,11,11/1/2024,11652
vehicle_parts,2023,1,1/1/2023,10742
vehicle_parts,2023,2,2/1/2023,10883
vehicle_parts,2023,3,3/1/2023,10486
vehicle_parts,2023,4,4/1/2023,10979
vehicle_parts,2023,5,5/1/2023,11083
vehicle_parts,2023,6,6/1/2023,11231
vehicle_parts,2023,7,7/1/2023,11319
vehicle_parts,2023,8,8/1/2023,11291
vehicle_parts,2023,9,9/1/2023,11310
vehicle_parts,2023,10,10/1/2023,11435
vehicle_parts,2023,11,11/1/2023,11383
vehicle_parts,2023,12,12/1/2023,11335
vehicle_parts,2022,1,1/1/2022,10027
vehicle_parts,2022,2,2/1/2022,9988
vehicle_parts,2022,3,3/1/2022,10062
vehicle_parts,2022,4,4/1/2022,10157
vehicle_parts,2022,5,5/1/2022,10317
vehicle_parts,2022,6,6/1/2022,10265
vehicle_parts,2022,7,7/1/2022,10247
vehicle_parts,2022,8,8/1/2022,10413
vehicle_parts,2022,9,9/1/2022,10626
vehicle_parts,2022,10,10/1/2022,10515
vehicle_parts,2022,11,11/1/2022,10553
vehicle_parts,2022,12,12/1/2022,10723
vehicle_parts,2021,1,1/1/2021,8585
vehicle_parts,2021,2,2/1/2021,8458
vehicle_parts,2021,3,3/1/2021,9703
vehicle_parts,2021,4,4/1/2021,9656
vehicle_parts,2021,5,5/1/2021,9345
vehicle_parts,2021,6,6/1/2021,9380
vehicle_parts,2021,7,7/1/2021,9457
vehicle_parts,2021,8,8/1/2021,9493
vehicle_parts,2021,9,9/1/2021,9450
vehicle_parts,2021,10,10/1/2021,9658
vehicle_parts,2021,11,11/1/2021,9716
vehicle_parts,2021,12,12/1/2021,10075
vehicle_parts,2020,1,1/1/2020,7990
vehicle_parts,2020,2,2/1/2020,7917
vehicle_parts,2020,3,3/1/2020,7075
vehicle_parts,2020,4,4/1/2020,6726
vehicle_parts,2020,5,5/1/2020,8314
vehicle_parts,2020,6,6/1/2020,8913
vehicle_parts,2020,7,7/1/2020,8705
vehicle_parts,2020,8,8/1/2020,8693
vehicle_parts,2020,9,9/1/2020,8552
vehicle_parts,2020,10,10/1/2020,8245
vehicle_parts,2020,11,11/1/2020,8257
vehicle_parts,2020,12,12/1/2020,8281
vehicle_parts,2019,1,1/1/2019,7752
vehicle_parts,2019,2,2/1/2019,8004
vehicle_parts,2019,3,3/1/2019,8110
vehicle_parts,2019,4,4/1/2019,8098
vehicle_parts,2019,5,5/1/2019,8073
vehicle_parts,2019,6,6/1/2019,8105
vehicle_parts,2019,7,7/1/2019,8092
vehicle_parts,2019,8,8/1/2019,8173
vehicle_parts,2019,9,9/1/2019,8042
vehicle_parts,2019,10,10/1/2019,8099
vehicle_parts,2019,11,11/1/2019,8130
vehicle_parts,2019,12,12/1/2019,8042
vehicle_parts,2018,1,1/1/2018,7791
vehicle_parts,2018,2,2/1/2018,7833
vehicle_parts,2018,3,3/1/2018,7815
vehicle_parts,2018,4,4/1/2018,7794
vehicle_parts,2018,5,5/1/2018,7958
vehicle_parts,2018,6,6/1/2018,7912
vehicle_parts,2018,7,7/1/2018,7980
vehicle_parts,2018,8,8/1/2018,7945
vehicle_parts,2018,9,9/1/2018,8019
vehicle_parts,2018,10,10/1/2018,7998
vehicle_parts,2018,11,11/1/2018,7971
vehicle_parts,2018,12,12/1/2018,7934
vehicle_parts,2017,1,1/1/2017,7774
vehicle_parts,2017,2,2/1/2017,7679
vehicle_parts,2017,3,3/1/2017,7758
vehicle_parts,2017,4,4/1/2017,7823
vehicle_parts,2017,5,5/1/2017,7751
vehicle_parts,2017,6,6/1/2017,7714
vehicle_parts,2017,7,7/1/2017,7812
vehicle_parts,2017,8,8/1/2017,7689
vehicle_parts,2017,9,9/1/2017,7882
vehicle_parts,2017,10,10/1/2017,7739
vehicle_parts,2017,11,11/1/2017,7893
vehicle_parts,2017,12,12/1/2017,8129
vehicle_parts,2016,1,1/1/2016,7771
vehicle_parts,2016,2,2/1/2016,7757
vehicle_parts,2016,3,3/1/2016,7654
vehicle_parts,2016,4,4/1/2016,7562
vehicle_parts,2016,5,5/1/2016,7618
vehicle_parts,2016,6,6/1/2016,7733
vehicle_parts,2016,7,7/1/2016,7598
vehicle_parts,2016,8,8/1/2016,7687
vehicle_parts,2016,9,9/1/2016,7628
vehicle_parts,2016,10,10/1/2016,7712
vehicle_parts,2016,11,11/1/2016,7602
vehicle_parts,2016,12,12/1/2016,8182
vehicle_parts,2015,1,1/1/2015,7283
vehicle_parts,2015,2,2/1/2015,7388
vehicle_parts,2015,3,3/1/2015,7450
vehicle_parts,2015,4,4/1/2015,7559
vehicle_parts,2015,5,5/1/2015,7591
vehicle_parts,2015,6,6/1/2015,7678
vehicle_parts,2015,7,7/1/2015,7735
vehicle_parts,2015,8,8/1/2015,7632
vehicle_parts,2015,9,9/1/2015,7582
vehicle_parts,2015,10,10/1/2015,7595
vehicle_parts,2015,11,11/1/2015,7728
vehicle_parts,2015,12,12/1/2015,7661
furniture&electronics,2024,1,1/1/2024,18806
furniture&electronics,2024,2,2/1/2024,18782
furniture&electronics,2024,3,3/1/2024,18354
furniture&electronics,2024,4,4/1/2024,18751
furniture&electronics,2024,5,5/1/2024,18972
furniture&electronics,2024,6,6/1/2024,18925
furniture&electronics,2024,7,7/1/2024,19098
furniture&electronics,2024,8,8/1/2024,18894
furniture&electronics,2024,9,9/1/2024,18797
furniture&electronics,2024,10,10/1/2024,19092
furniture&electronics,2024,11,11/1/2024,19303
furniture&electronics,2023,1,1/1/2023,20996
furniture&electronics,2023,2,2/1/2023,19882
furniture&electronics,2023,3,3/1/2023,19623
furniture&electronics,2023,4,4/1/2023,19175
furniture&electronics,2023,5,5/1/2023,19157
furniture&electronics,2023,6,6/1/2023,19379
furniture&electronics,2023,7,7/1/2023,18927
furniture&electronics,2023,8,8/1/2023,18911
furniture&electronics,2023,9,9/1/2023,19024
furniture&electronics,2023,10,10/1/2023,18771
furniture&electronics,2023,11,11/1/2023,18830
furniture&electronics,2023,12,12/1/2023,18269
furniture&electronics,2022,1,1/1/2022,19262
furniture&electronics,2022,2,2/1/2022,19506
furniture&electronics,2022,3,3/1/2022,20272
furniture&electronics,2022,4,4/1/2022,20842
furniture&electronics,2022,5,5/1/2022,20262
furniture&electronics,2022,6,6/1/2022,19853
furniture&electronics,2022,7,7/1/2022,19898
furniture&electronics,2022,8,8/1/2022,19961
furniture&electronics,2022,9,9/1/2022,19762
furniture&electronics,2022,10,10/1/2022,20018
furniture&electronics,2022,11,11/1/2022,18984
furniture&electronics,2022,12,12/1/2022,18590
furniture&electronics,2021,1,1/1/2021,19076
furniture&electronics,2021,2,2/1/2021,18134
furniture&electronics,2021,3,3/1/2021,20139
furniture&electronics,2021,4,4/1/2021,20260
furniture&electronics,2021,5,5/1/2021,19910
furniture&electronics,2021,6,6/1/2021,20116
furniture&electronics,2021,7,7/1/2021,20045
furniture&electronics,2021,8,8/1/2021,19700
furniture&electronics,2021,9,9/1/2021,19617
furniture&electronics,2021,10,10/1/2021,20345
furniture&electronics,2021,11,11/1/2021,19378
furniture&electronics,2021,12,12/1/2021,18919
furniture&electronics,2020,1,1/1/2020,17834
furniture&electronics,2020,2,2/1/2020,17566
furniture&electronics,2020,3,3/1/2020,13982
furniture&electronics,2020,4,4/1/2020,7335
furniture&electronics,2020,5,5/1/2020,11296
furniture&electronics,2020,6,6/1/2020,15751
furniture&electronics,2020,7,7/1/2020,16882
furniture&electronics,2020,8,8/1/2020,17490
furniture&electronics,2020,9,9/1/2020,17363
furniture&electronics,2020,10,10/1/2020,17664
furniture&electronics,2020,11,11/1/2020,17182
furniture&electronics,2020,12,12/1/2020,17128
furniture&electronics,2019,1,1/1/2019,17489
furniture&electronics,2019,2,2/1/2019,17419
furniture&electronics,2019,3,3/1/2019,17519
furniture&electronics,2019,4,4/1/2019,17425
furniture&electronics,2019,5,5/1/2019,17656
furniture&electronics,2019,6,6/1/2019,17668
furniture&electronics,2019,7,7/1/2019,17732
furniture&electronics,2019,8,8/1/2019,17653
furniture&electronics,2019,9,9/1/2019,17812
furniture&electronics,2019,10,10/1/2019,17632
furniture&electronics,2019,11,11/1/2019,17719
furniture&electronics,2019,12,12/1/2019,17823
furniture&electronics,2018,1,1/1/2018,17700
furniture&electronics,2018,2,2/1/2018,17814
furniture&electronics,2018,3,3/1/2018,17742
furniture&electronics,2018,4,4/1/2018,17972
furniture&electronics,2018,5,5/1/2018,17832
furniture&electronics,2018,6,6/1/2018,17892
furniture&electronics,2018,7,7/1/2018,17863
furniture&electronics,2018,8,8/1/2018,17776
furniture&electronics,2018,9,9/1/2018,17621
furniture&electronics,2018,10,10/1/2018,17712
furniture&electronics,2018,11,11/1/2018,17698
furniture&electronics,2018,12,12/1/2018,17736
furniture&electronics,2017,1,1/1/2017,17183
furniture&electronics,2017,2,2/1/2017,17110
furniture&electronics,2017,3,3/1/2017,17353
furniture&electronics,2017,4,4/1/2017,17260
furniture&electronics,2017,5,5/1/2017,17229
furniture&electronics,2017,6,6/1/2017,17231
furniture&electronics,2017,7,7/1/2017,17102
furniture&electronics,2017,8,8/1/2017,17175
furniture&electronics,2017,9,9/1/2017,17179
furniture&electronics,2017,10,10/1/2017,17519
furniture&electronics,2017,11,11/1/2017,17841
furniture&electronics,2017,12,12/1/2017,17852
furniture&electronics,2016,1,1/1/2016,17192
furniture&electronics,2016,2,2/1/2016,17327
furniture&electronics,2016,3,3/1/2016,17117
furniture&electronics,2016,4,4/1/2016,17069
furniture&electronics,2016,5,5/1/2016,17180
furniture&electronics,2016,6,6/1/2016,17305
furniture&electronics,2016,7,7/1/2016,17264
furniture&electronics,2016,8,8/1/2016,17336
furniture&electronics,2016,9,9/1/2016,17246
furniture&electronics,2016,10,10/1/2016,16998
furniture&electronics,2016,11,11/1/2016,16882
furniture&electronics,2016,12,12/1/2016,16927
furniture&electronics,2015,1,1/1/2015,17311
furniture&electronics,2015,2,2/1/2015,16994
furniture&electronics,2015,3,3/1/2015,17040
furniture&electronics,2015,4,4/1/2015,17276
furniture&electronics,2015,5,5/1/2015,17492
furniture&electronics,2015,6,6/1/2015,17400
furniture&electronics,2015,7,7/1/2015,17416
furniture&electronics,2015,8,8/1/2015,17433
furniture&electronics,2015,9,9/1/2015,17435
furniture&electronics,2015,10,10/1/2015,17438
furniture&electronics,2015,11,11/1/2015,17360
furniture&electronics,2015,12,12/1/2015,17489
furniture,2024,1,1/1/2024,11209
furniture,2024,2,2/1/2024,10968
furniture,2024,3,3/1/2024,10743
furniture,2024,4,4/1/2024,10941
furniture,2024,5,5/1/2024,11034
furniture,2024,6,6/1/2024,11104
furniture,2024,7,7/1/2024,11267
furniture,2024,8,8/1/2024,11254
furniture,2024,9,9/1/2024,11376
furniture,2024,10,10/1/2024,11446
furniture,2024,11,11/1/2024,11592
furniture,2023,1,1/1/2023,12964
furniture,2023,2,2/1/2023,12159
furniture,2023,3,3/1/2023,11835
furniture,2023,4,4/1/2023,11553
furniture,2023,5,5/1/2023,11446
furniture,2023,6,6/1/2023,11608
furniture,2023,7,7/1/2023,11351
furniture,2023,8,8/1/2023,11264
furniture,2023,9,9/1/2023,11226
furniture,2023,10,10/1/2023,11004
furniture,2023,11,11/1/2023,11277
furniture,2023,12,12/1/2023,10949
furniture,2022,1,1/1/2022,11808
furniture,2022,2,2/1/2022,11926
furniture,2022,3,3/1/2022,12056
furniture,2022,4,4/1/2022,12383
furniture,2022,5,5/1/2022,12206
furniture,2022,6,6/1/2022,11989
furniture,2022,7,7/1/2022,11914
furniture,2022,8,8/1/2022,12066
furniture,2022,9,9/1/2022,11927
furniture,2022,10,10/1/2022,12218
furniture,2022,11,11/1/2022,11808
furniture,2022,12,12/1/2022,11503
furniture,2021,1,1/1/2021,11790
furniture,2021,2,2/1/2021,11152
furniture,2021,3,3/1/2021,11949
furniture,2021,4,4/1/2021,12005
furniture,2021,5,5/1/2021,11822
furniture,2021,6,6/1/2021,11706
furniture,2021,7,7/1/2021,11775
furniture,2021,8,8/1/2021,11738
furniture,2021,9,9/1/2021,11763
furniture,2021,10,10/1/2021,11996
furniture,2021,11,11/1/2021,11920
furniture,2021,12,12/1/2021,11509
furniture,2020,1,1/1/2020,10405
furniture,2020,2,2/1/2020,10239
furniture,2020,3,3/1/2020,7977
furniture,2020,4,4/1/2020,3971
furniture,2020,5,5/1/2020,7159
furniture,2020,6,6/1/2020,9917
furniture,2020,7,7/1/2020,10230
furniture,2020,8,8/1/2020,10736
furniture,2020,9,9/1/2020,10798
furniture,2020,10,10/1/2020,10666
furniture,2020,11,11/1/2020,10452
furniture,2020,12,12/1/2020,10657
furniture,2019,1,1/1/2019,9778
furniture,2019,2,2/1/2019,9804
furniture,2019,3,3/1/2019,9889
furniture,2019,4,4/1/2019,9958
furniture,2019,5,5/1/2019,10032
furniture,2019,6,6/1/2019,10098
furniture,2019,7,7/1/2019,10125
furniture,2019,8,8/1/2019,10093
furniture,2019,9,9/1/2019,10252
furniture,2019,10,10/1/2019,10132
furniture,2019,11,11/1/2019,10185
furniture,2019,12,12/1/2019,10239
furniture,2018,1,1/1/2018,9860
furniture,2018,2,2/1/2018,9872
furniture,2018,3,3/1/2018,9875
furniture,2018,4,4/1/2018,10031
furniture,2018,5,5/1/2018,9925
furniture,2018,6,6/1/2018,9948
furniture,2018,7,7/1/2018,10020
furniture,2018,8,8/1/2018,9878
furniture,2018,9,9/1/2018,9868
furniture,2018,10,10/1/2018,9915
furniture,2018,11,11/1/2018,9928
furniture,2018,12,12/1/2018,10067
furniture,2017,1,1/1/2017,9501
furniture,2017,2,2/1/2017,9497
furniture,2017,3,3/1/2017,9557
furniture,2017,4,4/1/2017,9395
furniture,2017,5,5/1/2017,9490
furniture,2017,6,6/1/2017,9580
furniture,2017,7,7/1/2017,9520
furniture,2017,8,8/1/2017,9599
furniture,2017,9,9/1/2017,9534
furniture,2017,10,10/1/2017,9824
furniture,2017,11,11/1/2017,9937
furniture,2017,12,12/1/2017,10054
furniture,2016,1,1/1/2016,9242
furniture,2016,2,2/1/2016,9277
furniture,2016,3,3/1/2016,9238
furniture,2016,4,4/1/2016,9197
furniture,2016,5,5/1/2016,9272
furniture,2016,6,6/1/2016,9426
furniture,2016,7,7/1/2016,9342
furniture,2016,8,8/1/2016,9326
furniture,2016,9,9/1/2016,9533
furniture,2016,10,10/1/2016,9380
furniture,2016,11,11/1/2016,9348
furniture,2016,12,12/1/2016,9328
furniture,2015,1,1/1/2015,8692
furniture,2015,2,2/1/2015,8506
furniture,2015,3,3/1/2015,8774
furniture,2015,4,4/1/2015,8885
furniture,2015,5,5/1/2015,9060
furniture,2015,6,6/1/2015,8895
furniture,2015,7,7/1/2015,9065
furniture,2015,8,8/1/2015,9079
furniture,2015,9,9/1/2015,9066
furniture,2015,10,10/1/2015,9165
furniture,2015,11,11/1/2015,9155
furniture,2015,12,12/1/2015,9368
electronics,2024,1,1/1/2024,7597
electronics,2024,2,2/1/2024,7814
electronics,2024,3,3/1/2024,7611
electronics,2024,4,4/1/2024,7810
electronics,2024,5,5/1/2024,7938
electronics,2024,6,6/1/2024,7821
electronics,2024,7,7/1/2024,7831
electronics,2024,8,8/1/2024,7640
electronics,2024,9,9/1/2024,7421
electronics,2024,10,10/1/2024,7646
electronics,2024,11,11/1/2024,7711
electronics,2023,1,1/1/2023,8032
electronics,2023,2,2/1/2023,7723
electronics,2023,3,3/1/2023,7788
electronics,2023,4,4/1/2023,7622
electronics,2023,5,5/1/2023,7711
electronics,2023,6,6/1/2023,7771
electronics,2023,7,7/1/2023,7576
electronics,2023,8,8/1/2023,7647
electronics,2023,9,9/1/2023,7798
electronics,2023,10,10/1/2023,7767
electronics,2023,11,11/1/2023,7553
electronics,2023,12,12/1/2023,7320
electronics,2022,1,1/1/2022,7454
electronics,2022,2,2/1/2022,7580
electronics,2022,3,3/1/2022,8216
electronics,2022,4,4/1/2022,8459
electronics,2022,5,5/1/2022,8056
electronics,2022,6,6/1/2022,7864
electronics,2022,7,7/1/2022,7984
electronics,2022,8,8/1/2022,7895
electronics,2022,9,9/1/2022,7835
electronics,2022,10,10/1/2022,7800
electronics,2022,11,11/1/2022,7176
electronics,2022,12,12/1/2022,7087
electronics,2021,1,1/1/2021,7286
electronics,2021,2,2/1/2021,6982
electronics,2021,3,3/1/2021,8190
electronics,2021,4,4/1/2021,8255
electronics,2021,5,5/1/2021,8088
electronics,2021,6,6/1/2021,8410
electronics,2021,7,7/1/2021,8270
electronics,2021,8,8/1/2021,7962
electronics,2021,9,9/1/2021,7854
electronics,2021,10,10/1/2021,8349
electronics,2021,11,11/1/2021,7458
electronics,2021,12,12/1/2021,7410
electronics,2020,1,1/1/2020,7429
electronics,2020,2,2/1/2020,7327
electronics,2020,3,3/1/2020,6005
electronics,2020,4,4/1/2020,3364
electronics,2020,5,5/1/2020,4137
electronics,2020,6,6/1/2020,5834
electronics,2020,7,7/1/2020,6652
electronics,2020,8,8/1/2020,6754
electronics,2020,9,9/1/2020,6565
electronics,2020,10,10/1/2020,6998
electronics,2020,11,11/1/2020,6730
electronics,2020,12,12/1/2020,6471
electronics,2019,1,1/1/2019,7711
electronics,2019,2,2/1/2019,7615
electronics,2019,3,3/1/2019,7630
electronics,2019,4,4/1/2019,7467
electronics,2019,5,5/1/2019,7624
electronics,2019,6,6/1/2019,7570
electronics,2019,7,7/1/2019,7607
electronics,2019,8,8/1/2019,7560
electronics,2019,9,9/1/2019,7560
electronics,2019,10,10/1/2019,7500
electronics,2019,11,11/1/2019,7534
electronics,2019,12,12/1/2019,7584
electronics,2018,1,1/1/2018,7840
electronics,2018,2,2/1/2018,7942
electronics,2018,3,3/1/2018,7867
electronics,2018,4,4/1/2018,7941
electronics,2018,5,5/1/2018,7907
electronics,2018,6,6/1/2018,7944
electronics,2018,7,7/1/2018,7843
electronics,2018,8,8/1/2018,7898
electronics,2018,9,9/1/2018,7753
electronics,2018,10,10/1/2018,7797
electronics,2018,11,11/1/2018,7770
electronics,2018,12,12/1/2018,7669
electronics,2017,1,1/1/2017,7682
electronics,2017,2,2/1/2017,7613
electronics,2017,3,3/1/2017,7796
electronics,2017,4,4/1/2017,7865
electronics,2017,5,5/1/2017,7739
electronics,2017,6,6/1/2017,7651
electronics,2017,7,7/1/2017,7582
electronics,2017,8,8/1/2017,7576
electronics,2017,9,9/1/2017,7645
electronics,2017,10,10/1/2017,7695
electronics,2017,11,11/1/2017,7904
electronics,2017,12,12/1/2017,7798
electronics,2016,1,1/1/2016,7950
electronics,2016,2,2/1/2016,8050
electronics,2016,3,3/1/2016,7879
electronics,2016,4,4/1/2016,7872
electronics,2016,5,5/1/2016,7908
electronics,2016,6,6/1/2016,7879
electronics,2016,7,7/1/2016,7922
electronics,2016,8,8/1/2016,8010
electronics,2016,9,9/1/2016,7713
electronics,2016,10,10/1/2016,7618
electronics,2016,11,11/1/2016,7534
electronics,2016,12,12/1/2016,7599
electronics,2015,1,1/1/2015,8619
electronics,2015,2,2/1/2015,8488
electronics,2015,3,3/1/2015,8266
electronics,2015,4,4/1/2015,8391
electronics,2015,5,5/1/2015,8432
electronics,2015,6,6/1/2015,8505
electronics,2015,7,7/1/2015,8351
electronics,2015,8,8/1/2015,8354
electronics,2015,9,9/1/2015,8369
electronics,2015,10,10/1/2015,8273
electronics,2015,11,11/1/2015,8205
electronics,2015,12,12/1/2015,8121
building&garden_mat,2024,1,1/1/2024,39375
building&garden_mat,2024,2,2/1/2024,40301
building&garden_mat,2024,3,3/1/2024,40222
building&garden_mat,2024,4,4/1/2024,40402
building&garden_mat,2024,5,5/1/2024,40189
building&garden_mat,2024,6,6/1/2024,40803
building&garden_mat,2024,7,7/1/2024,41153
building&garden_mat,2024,8,8/1/2024,41274
building&garden_mat,2024,9,9/1/2024,41744
building&garden_mat,2024,10,10/1/2024,41622
building&garden_mat,2024,11,11/1/2024,41284
building&garden_mat,2023,1,1/1/2023,43082
building&garden_mat,2023,2,2/1/2023,42685
building&garden_mat,2023,3,3/1/2023,40867
building&garden_mat,2023,4,4/1/2023,41077
building&garden_mat,2023,5,5/1/2023,41919
building&garden_mat,2023,6,6/1/2023,41118
building&garden_mat,2023,7,7/1/2023,41014
building&garden_mat,2023,8,8/1/2023,41205
building&garden_mat,2023,9,9/1/2023,40975
building&garden_mat,2023,10,10/1/2023,40774
building&garden_mat,2023,11,11/1/2023,40437
building&garden_mat,2023,12,12/1/2023,41177
building&garden_mat,2022,1,1/1/2022,42376
building&garden_mat,2022,2,2/1/2022,42196
building&garden_mat,2022,3,3/1/2022,43113
building&garden_mat,2022,4,4/1/2022,42996
building&garden_mat,2022,5,5/1/2022,42543
building&garden_mat,2022,6,6/1/2022,42581
building&garden_mat,2022,7,7/1/2022,42692
building&garden_mat,2022,8,8/1/2022,43154
building&garden_mat,2022,9,9/1/2022,42924
building&garden_mat,2022,10,10/1/2022,43297
building&garden_mat,2022,11,11/1/2022,41994
building&garden_mat,2022,12,12/1/2022,42275
building&garden_mat,2021,1,1/1/2021,38691
building&garden_mat,2021,2,2/1/2021,36956
building&garden_mat,2021,3,3/1/2021,42276
building&garden_mat,2021,4,4/1/2021,42189
building&garden_mat,2021,5,5/1/2021,40385
building&garden_mat,2021,6,6/1/2021,39911
building&garden_mat,2021,7,7/1/2021,39109
building&garden_mat,2021,8,8/1/2021,39041
building&garden_mat,2021,9,9/1/2021,39307
building&garden_mat,2021,10,10/1/2021,40011
building&garden_mat,2021,11,11/1/2021,41147
building&garden_mat,2021,12,12/1/2021,41298
building&garden_mat,2020,1,1/1/2020,32015
building&garden_mat,2020,2,2/1/2020,32081
building&garden_mat,2020,3,3/1/2020,31953
building&garden_mat,2020,4,4/1/2020,31734
building&garden_mat,2020,5,5/1/2020,36132
building&garden_mat,2020,6,6/1/2020,36468
building&garden_mat,2020,7,7/1/2020,35941
building&garden_mat,2020,8,8/1/2020,36389
building&garden_mat,2020,9,9/1/2020,36819
building&garden_mat,2020,10,10/1/2020,36278
building&garden_mat,2020,11,11/1/2020,36532
building&garden_mat,2020,12,12/1/2020,36471
building&garden_mat,2019,1,1/1/2019,32019
building&garden_mat,2019,2,2/1/2019,30501
building&garden_mat,2019,3,3/1/2019,30834
building&garden_mat,2019,4,4/1/2019,30855
building&garden_mat,2019,5,5/1/2019,30572
building&garden_mat,2019,6,6/1/2019,30622
building&garden_mat,2019,7,7/1/2019,31137
building&garden_mat,2019,8,8/1/2019,31469
building&garden_mat,2019,9,9/1/2019,31151
building&garden_mat,2019,10,10/1/2019,31076
building&garden_mat,2019,11,11/1/2019,31164
building&garden_mat,2019,12,12/1/2019,31527
building&garden_mat,2018,1,1/1/2018,28991
building&garden_mat,2018,2,2/1/2018,29981
building&garden_mat,2018,3,3/1/2018,29626
building&garden_mat,2018,4,4/1/2018,29813
building&garden_mat,2018,5,5/1/2018,30643
building&garden_mat,2018,6,6/1/2018,31162
building&garden_mat,2018,7,7/1/2018,31279
building&garden_mat,2018,8,8/1/2018,30910
building&garden_mat,2018,9,9/1/2018,31106
building&garden_mat,2018,10,10/1/2018,31608
building&garden_mat,2018,11,11/1/2018,30952
building&garden_mat,2018,12,12/1/2018,30922
building&garden_mat,2017,1,1/1/2017,28464
building&garden_mat,2017,2,2/1/2017,28853
building&garden_mat,2017,3,3/1/2017,28676
building&garden_mat,2017,4,4/1/2017,29033
building&garden_mat,2017,5,5/1/2017,28736
building&garden_mat,2017,6,6/1/2017,28784
building&garden_mat,2017,7,7/1/2017,28933
building&garden_mat,2017,8,8/1/2017,28906
building&garden_mat,2017,9,9/1/2017,29997
building&garden_mat,2017,10,10/1/2017,29544
building&garden_mat,2017,11,11/1/2017,30002
building&garden_mat,2017,12,12/1/2017,30059
building&garden_mat,2016,1,1/1/2016,28204
building&garden_mat,2016,2,2/1/2016,28216
building&garden_mat,2016,3,3/1/2016,28923
building&garden_mat,2016,4,4/1/2016,27973
building&garden_mat,2016,5,5/1/2016,27545
building&garden_mat,2016,6,6/1/2016,28340
building&garden_mat,2016,7,7/1/2016,28033
building&garden_mat,2016,8,8/1/2016,27862
building&garden_mat,2016,9,9/1/2016,28030
building&garden_mat,2016,10,10/1/2016,28033
building&garden_mat,2016,11,11/1/2016,28225
building&garden_mat,2016,12,12/1/2016,28146
building&garden_mat,2015,1,1/1/2015,26522
building&garden_mat,2015,2,2/1/2015,25579
building&garden_mat,2015,3,3/1/2015,26511
building&garden_mat,2015,4,4/1/2015,26765
building&garden_mat,2015,5,5/1/2015,26809
building&garden_mat,2015,6,6/1/2015,26552
building&garden_mat,2015,7,7/1/2015,27416
building&garden_mat,2015,8,8/1/2015,27425
building&garden_mat,2015,9,9/1/2015,27237
building&garden_mat,2015,10,10/1/2015,27360
building&garden_mat,2015,11,11/1/2015,27639
building&garden_mat,2015,12,12/1/2015,28190
building_mat,2024,1,1/1/2024,34036
building_mat,2024,2,2/1/2024,35053
building_mat,2024,3,3/1/2024,34904
building_mat,2024,4,4/1/2024,35071
building_mat,2024,5,5/1/2024,35014
building_mat,2024,6,6/1/2024,35547
building_mat,2024,7,7/1/2024,35957
building_mat,2024,8,8/1/2024,36114
building_mat,2024,9,9/1/2024,36486
building_mat,2024,10,10/1/2024,36360
building_mat,2024,11,11/1/2024,36060
building_mat,2023,1,1/1/2023,37295
building_mat,2023,2,2/1/2023,36822
building_mat,2023,3,3/1/2023,35435
building_mat,2023,4,4/1/2023,35445
building_mat,2023,5,5/1/2023,36106
building_mat,2023,6,6/1/2023,35423
building_mat,2023,7,7/1/2023,35375
building_mat,2023,8,8/1/2023,35601
building_mat,2023,9,9/1/2023,35276
building_mat,2023,10,10/1/2023,35136
building_mat,2023,11,11/1/2023,34861
building_mat,2023,12,12/1/2023,35789
building_mat,2022,1,1/1/2022,37149
building_mat,2022,2,2/1/2022,36839
building_mat,2022,3,3/1/2022,37771
building_mat,2022,4,4/1/2022,37766
building_mat,2022,5,5/1/2022,37103
building_mat,2022,6,6/1/2022,37127
building_mat,2022,7,7/1/2022,36984
building_mat,2022,8,8/1/2022,37380
building_mat,2022,9,9/1/2022,37224
building_mat,2022,10,10/1/2022,37570
building_mat,2022,11,11/1/2022,36291
building_mat,2022,12,12/1/2022,36538
building_mat,2021,1,1/1/2021,33460
building_mat,2021,2,2/1/2021,31809
building_mat,2021,3,3/1/2021,36505
building_mat,2021,4,4/1/2021,36762
building_mat,2021,5,5/1/2021,35213
building_mat,2021,6,6/1/2021,34674
building_mat,2021,7,7/1/2021,33930
building_mat,2021,8,8/1/2021,33684
building_mat,2021,9,9/1/2021,34177
building_mat,2021,10,10/1/2021,34739
building_mat,2021,11,11/1/2021,35829
building_mat,2021,12,12/1/2021,35906
building_mat,2020,1,1/1/2020,28011
building_mat,2020,2,2/1/2020,28121
building_mat,2020,3,3/1/2020,28044
building_mat,2020,4,4/1/2020,27545
building_mat,2020,5,5/1/2020,31416
building_mat,2020,6,6/1/2020,31668
building_mat,2020,7,7/1/2020,31307
building_mat,2020,8,8/1/2020,31811
building_mat,2020,9,9/1/2020,32025
building_mat,2020,10,10/1/2020,31679
building_mat,2020,11,11/1/2020,31898
building_mat,2020,12,12/1/2020,31880
building_mat,2019,1,1/1/2019,27906
building_mat,2019,2,2/1/2019,26596
building_mat,2019,3,3/1/2019,26985
building_mat,2019,4,4/1/2019,27272
building_mat,2019,5,5/1/2019,27109
building_mat,2019,6,6/1/2019,26925
building_mat,2019,7,7/1/2019,27215
building_mat,2019,8,8/1/2019,27565
building_mat,2019,9,9/1/2019,27206
building_mat,2019,10,10/1/2019,27053
building_mat,2019,11,11/1/2019,27039
building_mat,2019,12,12/1/2019,27530
building_mat,2018,1,1/1/2018,25551
building_mat,2018,2,2/1/2018,26325
building_mat,2018,3,3/1/2018,25993
building_mat,2018,4,4/1/2018,26382
building_mat,2018,5,5/1/2018,27017
building_mat,2018,6,6/1/2018,27485
building_mat,2018,7,7/1/2018,27553
building_mat,2018,8,8/1/2018,27005
building_mat,2018,9,9/1/2018,27118
building_mat,2018,10,10/1/2018,27431
building_mat,2018,11,11/1/2018,26975
building_mat,2018,12,12/1/2018,26981
building_mat,2017,1,1/1/2017,25184
building_mat,2017,2,2/1/2017,25322
building_mat,2017,3,3/1/2017,25053
building_mat,2017,4,4/1/2017,25241
building_mat,2017,5,5/1/2017,24999
building_mat,2017,6,6/1/2017,25111
building_mat,2017,7,7/1/2017,25133
building_mat,2017,8,8/1/2017,25187
building_mat,2017,9,9/1/2017,26365
building_mat,2017,10,10/1/2017,26006
building_mat,2017,11,11/1/2017,26347
building_mat,2017,12,12/1/2017,26345
building_mat,2016,1,1/1/2016,24553
building_mat,2016,2,2/1/2016,24638
building_mat,2016,3,3/1/2016,24974
building_mat,2016,4,4/1/2016,24340
building_mat,2016,5,5/1/2016,24003
building_mat,2016,6,6/1/2016,24640
building_mat,2016,7,7/1/2016,24535
building_mat,2016,8,8/1/2016,24383
building_mat,2016,9,9/1/2016,24492
building_mat,2016,10,10/1/2016,24663
building_mat,2016,11,11/1/2016,24930
building_mat,2016,12,12/1/2016,24817
building_mat,2015,1,1/1/2015,23016
building_mat,2015,2,2/1/2015,22192
building_mat,2015,3,3/1/2015,23130
building_mat,2015,4,4/1/2015,23254
building_mat,2015,5,5/1/2015,23168
building_mat,2015,6,6/1/2015,22992
building_mat,2015,7,7/1/2015,23739
building_mat,2015,8,8/1/2015,23758
building_mat,2015,9,9/1/2015,23613
building_mat,2015,10,10/1/2015,23695
building_mat,2015,11,11/1/2015,24074
building_mat,2015,12,12/1/2015,24704
food&bev,2024,1,1/1/2024,81865
food&bev,2024,2,2/1/2024,81992
food&bev,2024,3,3/1/2024,82265
food&bev,2024,4,4/1/2024,82825
food&bev,2024,5,5/1/2024,82758
food&bev,2024,6,6/1/2024,82893
food&bev,2024,7,7/1/2024,83658
food&bev,2024,8,8/1/2024,83305
food&bev,2024,9,9/1/2024,83962
food&bev,2024,10,10/1/2024,84228
food&bev,2024,11,11/1/2024,84046
food&bev,2023,1,1/1/2023,81347
food&bev,2023,2,2/1/2023,81935
food&bev,2023,3,3/1/2023,81425
food&bev,2023,4,4/1/2023,81206
food&bev,2023,5,5/1/2023,81288
food&bev,2023,6,6/1/2023,81181
food&bev,2023,7,7/1/2023,81384
food&bev,2023,8,8/1/2023,81920
food&bev,2023,9,9/1/2023,81966
food&bev,2023,10,10/1/2023,82041
food&bev,2023,11,11/1/2023,82254
food&bev,2023,12,12/1/2023,82153
food&bev,2022,1,1/1/2022,77429
food&bev,2022,2,2/1/2022,77479
food&bev,2022,3,3/1/2022,78318
food&bev,2022,4,4/1/2022,78537
food&bev,2022,5,5/1/2022,79299
food&bev,2022,6,6/1/2022,79908
food&bev,2022,7,7/1/2022,79859
food&bev,2022,8,8/1/2022,80268
food&bev,2022,9,9/1/2022,80777
food&bev,2022,10,10/1/2022,81592
food&bev,2022,11,11/1/2022,81795
food&bev,2022,12,12/1/2022,81576
food&bev,2021,1,1/1/2021,71487
food&bev,2021,2,2/1/2021,71740
food&bev,2021,3,3/1/2021,72199
food&bev,2021,4,4/1/2021,72826
food&bev,2021,5,5/1/2021,73368
food&bev,2021,6,6/1/2021,74046
food&bev,2021,7,7/1/2021,73879
food&bev,2021,8,8/1/2021,75605
food&bev,2021,9,9/1/2021,75819
food&bev,2021,10,10/1/2021,76140
food&bev,2021,11,11/1/2021,76378
food&bev,2021,12,12/1/2021,76948
food&bev,2020,1,1/1/2020,64626
food&bev,2020,2,2/1/2020,64741
food&bev,2020,3,3/1/2020,81748
food&bev,2020,4,4/1/2020,70991
food&bev,2020,5,5/1/2020,72203
food&bev,2020,6,6/1/2020,70807
food&bev,2020,7,7/1/2020,71251
food&bev,2020,8,8/1/2020,70182
food&bev,2020,9,9/1/2020,70133
food&bev,2020,10,10/1/2020,69628
food&bev,2020,11,11/1/2020,70535
food&bev,2020,12,12/1/2020,70450
food&bev,2019,1,1/1/2019,64131
food&bev,2019,2,2/1/2019,62976
food&bev,2019,3,3/1/2019,64087
food&bev,2019,4,4/1/2019,64304
food&bev,2019,5,5/1/2019,64292
food&bev,2019,6,6/1/2019,64586
food&bev,2019,7,7/1/2019,65380
food&bev,2019,8,8/1/2019,65444
food&bev,2019,9,9/1/2019,64867
food&bev,2019,10,10/1/2019,64643
food&bev,2019,11,11/1/2019,64816
food&bev,2019,12,12/1/2019,65335
food&bev,2018,1,1/1/2018,61792
food&bev,2018,2,2/1/2018,62052
food&bev,2018,3,3/1/2018,62229
food&bev,2018,4,4/1/2018,62345
food&bev,2018,5,5/1/2018,62439
food&bev,2018,6,6/1/2018,62198
food&bev,2018,7,7/1/2018,62598
food&bev,2018,8,8/1/2018,62430
food&bev,2018,9,9/1/2018,62775
food&bev,2018,10,10/1/2018,63058
food&bev,2018,11,11/1/2018,63222
food&bev,2018,12,12/1/2018,63263
food&bev,2017,1,1/1/2017,59565
food&bev,2017,2,2/1/2017,59912
food&bev,2017,3,3/1/2017,60346
food&bev,2017,4,4/1/2017,60480
food&bev,2017,5,5/1/2017,60621
food&bev,2017,6,6/1/2017,60423
food&bev,2017,7,7/1/2017,60397
food&bev,2017,8,8/1/2017,60757
food&bev,2017,9,9/1/2017,61321
food&bev,2017,10,10/1/2017,61600
food&bev,2017,11,11/1/2017,61678
food&bev,2017,12,12/1/2017,62306
food&bev,2016,1,1/1/2016,57553
food&bev,2016,2,2/1/2016,57714
food&bev,2016,3,3/1/2016,57226
food&bev,2016,4,4/1/2016,57903
food&bev,2016,5,5/1/2016,58103
food&bev,2016,6,6/1/2016,58458
food&bev,2016,7,7/1/2016,58161
food&bev,2016,8,8/1/2016,58381
food&bev,2016,9,9/1/2016,58770
food&bev,2016,10,10/1/2016,59053
food&bev,2016,11,11/1/2016,59105
food&bev,2016,12,12/1/2016,59399
food&bev,2015,1,1/1/2015,57106
food&bev,2015,2,2/1/2015,57183
food&bev,2015,3,3/1/2015,57165
food&bev,2015,4,4/1/2015,57083
food&bev,2015,5,5/1/2015,57101
food&bev,2015,6,6/1/2015,57341
food&bev,2015,7,7/1/2015,57566
food&bev,2015,8,8/1/2015,57525
food&bev,2015,9,9/1/2015,57387
food&bev,2015,10,10/1/2015,57182
food&bev,2015,11,11/1/2015,57524
food&bev,2015,12,12/1/2015,57407
grocery,2024,1,1/1/2024,73370
grocery,2024,2,2/1/2024,73341
grocery,2024,3,3/1/2024,73617
grocery,2024,4,4/1/2024,74099
grocery,2024,5,5/1/2024,74024
grocery,2024,6,6/1/2024,74138
grocery,2024,7,7/1/2024,74892
grocery,2024,8,8/1/2024,74559
grocery,2024,9,9/1/2024,75140
grocery,2024,10,10/1/2024,75403
grocery,2024,11,11/1/2024,75169
grocery,2023,1,1/1/2023,72793
grocery,2023,2,2/1/2023,73572
grocery,2023,3,3/1/2023,73158
grocery,2023,4,4/1/2023,72913
grocery,2023,5,5/1/2023,72807
grocery,2023,6,6/1/2023,72732
grocery,2023,7,7/1/2023,72878
grocery,2023,8,8/1/2023,73463
grocery,2023,9,9/1/2023,73448
grocery,2023,10,10/1/2023,73472
grocery,2023,11,11/1/2023,73656
grocery,2023,12,12/1/2023,73465
grocery,2022,1,1/1/2022,69283
grocery,2022,2,2/1/2022,69294
grocery,2022,3,3/1/2022,70083
grocery,2022,4,4/1/2022,70380
grocery,2022,5,5/1/2022,71182
grocery,2022,6,6/1/2022,71725
grocery,2022,7,7/1/2022,71705
grocery,2022,8,8/1/2022,71934
grocery,2022,9,9/1/2022,72470
grocery,2022,10,10/1/2022,73214
grocery,2022,11,11/1/2022,73438
grocery,2022,12,12/1/2022,73347
grocery,2021,1,1/1/2021,63472
grocery,2021,2,2/1/2021,63821
grocery,2021,3,3/1/2021,64006
grocery,2021,4,4/1/2021,64604
grocery,2021,5,5/1/2021,65195
grocery,2021,6,6/1/2021,65814
grocery,2021,7,7/1/2021,65850
grocery,2021,8,8/1/2021,67509
grocery,2021,9,9/1/2021,67771
grocery,2021,10,10/1/2021,68142
grocery,2021,11,11/1/2021,68218
grocery,2021,12,12/1/2021,68824
grocery,2020,1,1/1/2020,57885
grocery,2020,2,2/1/2020,57922
grocery,2020,3,3/1/2020,74168
grocery,2020,4,4/1/2020,64097
grocery,2020,5,5/1/2020,64573
grocery,2020,6,6/1/2020,63140
grocery,2020,7,7/1/2020,63546
grocery,2020,8,8/1/2020,62387
grocery,2020,9,9/1/2020,62303
grocery,2020,10,10/1/2020,61887
grocery,2020,11,11/1/2020,62798
grocery,2020,12,12/1/2020,62749
grocery,2019,1,1/1/2019,57470
grocery,2019,2,2/1/2019,56351
grocery,2019,3,3/1/2019,57446
grocery,2019,4,4/1/2019,57652
grocery,2019,5,5/1/2019,57652
grocery,2019,6,6/1/2019,57913
grocery,2019,7,7/1/2019,58604
grocery,2019,8,8/1/2019,58671
grocery,2019,9,9/1/2019,58124
grocery,2019,10,10/1/2019,57880
grocery,2019,11,11/1/2019,58049
grocery,2019,12,12/1/2019,58537
grocery,2018,1,1/1/2018,55336
grocery,2018,2,2/1/2018,55555
grocery,2018,3,3/1/2018,55716
grocery,2018,4,4/1/2018,55859
grocery,2018,5,5/1/2018,55897
grocery,2018,6,6/1/2018,55696
grocery,2018,7,7/1/2018,56057
grocery,2018,8,8/1/2018,55937
grocery,2018,9,9/1/2018,56177
grocery,2018,10,10/1/2018,56408
grocery,2018,11,11/1/2018,56569
grocery,2018,12,12/1/2018,56629
grocery,2017,1,1/1/2017,53316
grocery,2017,2,2/1/2017,53687
grocery,2017,3,3/1/2017,54117
grocery,2017,4,4/1/2017,54199
grocery,2017,5,5/1/2017,54318
grocery,2017,6,6/1/2017,54152
grocery,2017,7,7/1/2017,54139
grocery,2017,8,8/1/2017,54430
grocery,2017,9,9/1/2017,55012
grocery,2017,10,10/1/2017,55200
grocery,2017,11,11/1/2017,55239
grocery,2017,12,12/1/2017,55885
grocery,2016,1,1/1/2016,51598
grocery,2016,2,2/1/2016,51578
grocery,2016,3,3/1/2016,51172
grocery,2016,4,4/1/2016,51832
grocery,2016,5,5/1/2016,51957
grocery,2016,6,6/1/2016,52276
grocery,2016,7,7/1/2016,51976
grocery,2016,8,8/1/2016,52212
grocery,2016,9,9/1/2016,52510
grocery,2016,10,10/1/2016,52818
grocery,2016,11,11/1/2016,52834
grocery,2016,12,12/1/2016,53210
grocery,2015,1,1/1/2015,51235
grocery,2015,2,2/1/2015,51322
grocery,2015,3,3/1/2015,51273
grocery,2015,4,4/1/2015,51136
grocery,2015,5,5/1/2015,51191
grocery,2015,6,6/1/2015,51404
grocery,2015,7,7/1/2015,51572
grocery,2015,8,8/1/2015,51526
grocery,2015,9,9/1/2015,51419
grocery,2015,10,10/1/2015,51280
grocery,2015,11,11/1/2015,51596
grocery,2015,12,12/1/2015,51376
liquor,2024,1,1/1/2024,5954
liquor,2024,2,2/1/2024,6063
liquor,2024,3,3/1/2024,6045
liquor,2024,4,4/1/2024,6071
liquor,2024,5,5/1/2024,6098
liquor,2024,6,6/1/2024,6156
liquor,2024,7,7/1/2024,6153
liquor,2024,8,8/1/2024,6122
liquor,2024,9,9/1/2024,6182
liquor,2024,10,10/1/2024,6191
liquor,2024,11,11/1/2024,6207
liquor,2023,1,1/1/2023,6113
liquor,2023,2,2/1/2023,5934
liquor,2023,3,3/1/2023,5871
liquor,2023,4,4/1/2023,5949
liquor,2023,5,5/1/2023,6021
liquor,2023,6,6/1/2023,5949
liquor,2023,7,7/1/2023,5986
liquor,2023,8,8/1/2023,5953
liquor,2023,9,9/1/2023,6002
liquor,2023,10,10/1/2023,6028
liquor,2023,11,11/1/2023,6040
liquor,2023,12,12/1/2023,6143
liquor,2022,1,1/1/2022,5813
liquor,2022,2,2/1/2022,5887
liquor,2022,3,3/1/2022,5870
liquor,2022,4,4/1/2022,5809
liquor,2022,5,5/1/2022,5770
liquor,2022,6,6/1/2022,5848
liquor,2022,7,7/1/2022,5801
liquor,2022,8,8/1/2022,5879
liquor,2022,9,9/1/2022,5889
liquor,2022,10,10/1/2022,5962
liquor,2022,11,11/1/2022,5932
liquor,2022,12,12/1/2022,5879
liquor,2021,1,1/1/2021,5900
liquor,2021,2,2/1/2021,5807
liquor,2021,3,3/1/2021,5979
liquor,2021,4,4/1/2021,5960
liquor,2021,5,5/1/2021,5908
liquor,2021,6,6/1/2021,5922
liquor,2021,7,7/1/2021,5733
liquor,2021,8,8/1/2021,5804
liquor,2021,9,9/1/2021,5790
liquor,2021,10,10/1/2021,5788
liquor,2021,11,11/1/2021,5840
liquor,2021,12,12/1/2021,5806
liquor,2020,1,1/1/2020,4848
liquor,2020,2,2/1/2020,4835
liquor,2020,3,3/1/2020,5603
liquor,2020,4,4/1/2020,5154
liquor,2020,5,5/1/2020,5628
liquor,2020,6,6/1/2020,5627
liquor,2020,7,7/1/2020,5669
liquor,2020,8,8/1/2020,5754
liquor,2020,9,9/1/2020,5725
liquor,2020,10,10/1/2020,5640
liquor,2020,11,11/1/2020,5664
liquor,2020,12,12/1/2020,5586
liquor,2019,1,1/1/2019,4673
liquor,2019,2,2/1/2019,4660
liquor,2019,3,3/1/2019,4675
liquor,2019,4,4/1/2019,4662
liquor,2019,5,5/1/2019,4678
liquor,2019,6,6/1/2019,4716
liquor,2019,7,7/1/2019,4786
liquor,2019,8,8/1/2019,4790
liquor,2019,9,9/1/2019,4767
liquor,2019,10,10/1/2019,4780
liquor,2019,11,11/1/2019,4801
liquor,2019,12,12/1/2019,4855
liquor,2018,1,1/1/2018,4514
liquor,2018,2,2/1/2018,4515
liquor,2018,3,3/1/2018,4551
liquor,2018,4,4/1/2018,4547
liquor,2018,5,5/1/2018,4592
liquor,2018,6,6/1/2018,4563
liquor,2018,7,7/1/2018,4596
liquor,2018,8,8/1/2018,4550
liquor,2018,9,9/1/2018,4624
liquor,2018,10,10/1/2018,4652
liquor,2018,11,11/1/2018,4677
liquor,2018,12,12/1/2018,4686
liquor,2017,1,1/1/2017,4324
liquor,2017,2,2/1/2017,4302
liquor,2017,3,3/1/2017,4318
liquor,2017,4,4/1/2017,4367
liquor,2017,5,5/1/2017,4378
liquor,2017,6,6/1/2017,4373
liquor,2017,7,7/1/2017,4371
liquor,2017,8,8/1/2017,4398
liquor,2017,9,9/1/2017,4410
liquor,2017,10,10/1/2017,4485
liquor,2017,11,11/1/2017,4484
liquor,2017,12,12/1/2017,4461
liquor,2016,1,1/1/2016,4088
liquor,2016,2,2/1/2016,4202
liquor,2016,3,3/1/2016,4157
liquor,2016,4,4/1/2016,4193
liquor,2016,5,5/1/2016,4231
liquor,2016,6,6/1/2016,4272
liquor,2016,7,7/1/2016,4280
liquor,2016,8,8/1/2016,4286
liquor,2016,9,9/1/2016,4369
liquor,2016,10,10/1/2016,4339
liquor,2016,11,11/1/2016,4378
liquor,2016,12,12/1/2016,4247
liquor,2015,1,1/1/2015,4018
liquor,2015,2,2/1/2015,4027
liquor,2015,3,3/1/2015,4086
liquor,2015,4,4/1/2015,4057
liquor,2015,5,5/1/2015,4076
liquor,2015,6,6/1/2015,4077
liquor,2015,7,7/1/2015,4121
liquor,2015,8,8/1/2015,4126
liquor,2015,9,9/1/2015,4092
liquor,2015,10,10/1/2015,4084
liquor,2015,11,11/1/2015,4110
liquor,2015,12,12/1/2015,4188
personal_care,2024,1,1/1/2024,36213
personal_care,2024,2,2/1/2024,36142
personal_care,2024,3,3/1/2024,36202
personal_care,2024,4,4/1/2024,36117
personal_care,2024,5,5/1/2024,36669
personal_care,2024,6,6/1/2024,36911
personal_care,2024,7,7/1/2024,37605
personal_care,2024,8,8/1/2024,37742
personal_care,2024,9,9/1/2024,38541
personal_care,2024,10,10/1/2024,38057
personal_care,2024,11,11/1/2024,38153
personal_care,2023,1,1/1/2023,35002
personal_care,2023,2,2/1/2023,35582
personal_care,2023,3,3/1/2023,35682
personal_care,2023,4,4/1/2023,36074
personal_care,2023,5,5/1/2023,36414
personal_care,2023,6,6/1/2023,36339
personal_care,2023,7,7/1/2023,35844
personal_care,2023,8,8/1/2023,36593
personal_care,2023,9,9/1/2023,36568
personal_care,2023,10,10/1/2023,37533
personal_care,2023,11,11/1/2023,37342
personal_care,2023,12,12/1/2023,36799
personal_care,2022,1,1/1/2022,33049
personal_care,2022,2,2/1/2022,32877
personal_care,2022,3,3/1/2022,33011
personal_care,2022,4,4/1/2022,33315
personal_care,2022,5,5/1/2022,33166
personal_care,2022,6,6/1/2022,33736
personal_care,2022,7,7/1/2022,33973
personal_care,2022,8,8/1/2022,33883
personal_care,2022,9,9/1/2022,34170
personal_care,2022,10,10/1/2022,34080
personal_care,2022,11,11/1/2022,34304
personal_care,2022,12,12/1/2022,33644
personal_care,2021,1,1/1/2021,30204
personal_care,2021,2,2/1/2021,30005
personal_care,2021,3,3/1/2021,32527
personal_care,2021,4,4/1/2021,32394
personal_care,2021,5,5/1/2021,31795
personal_care,2021,6,6/1/2021,32826
personal_care,2021,7,7/1/2021,32678
personal_care,2021,8,8/1/2021,32981
personal_care,2021,9,9/1/2021,32676
personal_care,2021,10,10/1/2021,32506
personal_care,2021,11,11/1/2021,32870
personal_care,2021,12,12/1/2021,32866
personal_care,2020,1,1/1/2020,29318
personal_care,2020,2,2/1/2020,29680
personal_care,2020,3,3/1/2020,31032
personal_care,2020,4,4/1/2020,26361
personal_care,2020,5,5/1/2020,26900
personal_care,2020,6,6/1/2020,28822
personal_care,2020,7,7/1/2020,30474
personal_care,2020,8,8/1/2020,30019
personal_care,2020,9,9/1/2020,30429
personal_care,2020,10,10/1/2020,30384
personal_care,2020,11,11/1/2020,29955
personal_care,2020,12,12/1/2020,30157
personal_care,2019,1,1/1/2019,28785
personal_care,2019,2,2/1/2019,29126
personal_care,2019,3,3/1/2019,29035
personal_care,2019,4,4/1/2019,28936
personal_care,2019,5,5/1/2019,29185
personal_care,2019,6,6/1/2019,29029
personal_care,2019,7,7/1/2019,28895
personal_care,2019,8,8/1/2019,28902
personal_care,2019,9,9/1/2019,28825
personal_care,2019,10,10/1/2019,29107
personal_care,2019,11,11/1/2019,28827
personal_care,2019,12,12/1/2019,28517
personal_care,2018,1,1/1/2018,27604
personal_care,2018,2,2/1/2018,27484
personal_care,2018,3,3/1/2018,27626
personal_care,2018,4,4/1/2018,27909
personal_care,2018,5,5/1/2018,28397
personal_care,2018,6,6/1/2018,28105
personal_care,2018,7,7/1/2018,28247
personal_care,2018,8,8/1/2018,28478
personal_care,2018,9,9/1/2018,28379
personal_care,2018,10,10/1/2018,28595
personal_care,2018,11,11/1/2018,29102
personal_care,2018,12,12/1/2018,27925
personal_care,2017,1,1/1/2017,26060
personal_care,2017,2,2/1/2017,26390
personal_care,2017,3,3/1/2017,26545
personal_care,2017,4,4/1/2017,26725
personal_care,2017,5,5/1/2017,26823
personal_care,2017,6,6/1/2017,27004
personal_care,2017,7,7/1/2017,27101
personal_care,2017,8,8/1/2017,27365
personal_care,2017,9,9/1/2017,27427
personal_care,2017,10,10/1/2017,27594
personal_care,2017,11,11/1/2017,27746
personal_care,2017,12,12/1/2017,27615
personal_care,2016,1,1/1/2016,25952
personal_care,2016,2,2/1/2016,26487
personal_care,2016,3,3/1/2016,26301
personal_care,2016,4,4/1/2016,26531
personal_care,2016,5,5/1/2016,26480
personal_care,2016,6,6/1/2016,26610
personal_care,2016,7,7/1/2016,26612
personal_care,2016,8,8/1/2016,26529
personal_care,2016,9,9/1/2016,26487
personal_care,2016,10,10/1/2016,25721
personal_care,2016,11,11/1/2016,25944
personal_care,2016,12,12/1/2016,26051
personal_care,2015,1,1/1/2015,25208
personal_care,2015,2,2/1/2015,25005
personal_care,2015,3,3/1/2015,25538
personal_care,2015,4,4/1/2015,25111
personal_care,2015,5,5/1/2015,25081
personal_care,2015,6,6/1/2015,25261
personal_care,2015,7,7/1/2015,25474
personal_care,2015,8,8/1/2015,25695
personal_care,2015,9,9/1/2015,25902
personal_care,2015,10,10/1/2015,25750
personal_care,2015,11,11/1/2015,25883
personal_care,2015,12,12/1/2015,26124
pharmacies,2024,1,1/1/2024,30418
pharmacies,2024,2,2/1/2024,30212
pharmacies,2024,3,3/1/2024,30135
pharmacies,2024,4,4/1/2024,30139
pharmacies,2024,5,5/1/2024,30499
pharmacies,2024,6,6/1/2024,30756
pharmacies,2024,7,7/1/2024,31485
pharmacies,2024,8,8/1/2024,31739
pharmacies,2024,9,9/1/2024,32451
pharmacies,2024,10,10/1/2024,31980
pharmacies,2024,11,11/1/2024,31983
pharmacies,2023,1,1/1/2023,29081
pharmacies,2023,2,2/1/2023,29520
pharmacies,2023,3,3/1/2023,29911
pharmacies,2023,4,4/1/2023,30022
pharmacies,2023,5,5/1/2023,30389
pharmacies,2023,6,6/1/2023,30354
pharmacies,2023,7,7/1/2023,29819
pharmacies,2023,8,8/1/2023,30514
pharmacies,2023,9,9/1/2023,30559
pharmacies,2023,10,10/1/2023,31646
pharmacies,2023,11,11/1/2023,31384
pharmacies,2023,12,12/1/2023,30674
pharmacies,2022,1,1/1/2022,27885
pharmacies,2022,2,2/1/2022,27532
pharmacies,2022,3,3/1/2022,27588
pharmacies,2022,4,4/1/2022,27795
pharmacies,2022,5,5/1/2022,27736
pharmacies,2022,6,6/1/2022,28200
pharmacies,2022,7,7/1/2022,28401
pharmacies,2022,8,8/1/2022,28093
pharmacies,2022,9,9/1/2022,28446
pharmacies,2022,10,10/1/2022,28339
pharmacies,2022,11,11/1/2022,28584
pharmacies,2022,12,12/1/2022,28043
pharmacies,2021,1,1/1/2021,25239
pharmacies,2021,2,2/1/2021,25192
pharmacies,2021,3,3/1/2021,27139
pharmacies,2021,4,4/1/2021,27124
pharmacies,2021,5,5/1/2021,26491
pharmacies,2021,6,6/1/2021,27438
pharmacies,2021,7,7/1/2021,27174
pharmacies,2021,8,8/1/2021,27515
pharmacies,2021,9,9/1/2021,27288
pharmacies,2021,10,10/1/2021,27066
pharmacies,2021,11,11/1/2021,27450
pharmacies,2021,12,12/1/2021,27592
pharmacies,2020,1,1/1/2020,24154
pharmacies,2020,2,2/1/2020,24526
pharmacies,2020,3,3/1/2020,27154
pharmacies,2020,4,4/1/2020,24185
pharmacies,2020,5,5/1/2020,23998
pharmacies,2020,6,6/1/2020,24963
pharmacies,2020,7,7/1/2020,25692
pharmacies,2020,8,8/1/2020,25216
pharmacies,2020,9,9/1/2020,25688
pharmacies,2020,10,10/1/2020,25458
pharmacies,2020,11,11/1/2020,25140
pharmacies,2020,12,12/1/2020,25254
pharmacies,2019,1,1/1/2019,23914
pharmacies,2019,2,2/1/2019,24309
pharmacies,2019,3,3/1/2019,24202
pharmacies,2019,4,4/1/2019,24198
pharmacies,2019,5,5/1/2019,24372
pharmacies,2019,6,6/1/2019,24164
pharmacies,2019,7,7/1/2019,24004
pharmacies,2019,8,8/1/2019,24047
pharmacies,2019,9,9/1/2019,23772
pharmacies,2019,10,10/1/2019,24111
pharmacies,2019,11,11/1/2019,23758
pharmacies,2019,12,12/1/2019,23539
pharmacies,2018,1,1/1/2018,22997
pharmacies,2018,2,2/1/2018,22746
pharmacies,2018,3,3/1/2018,22868
pharmacies,2018,4,4/1/2018,23036
pharmacies,2018,5,5/1/2018,23464
pharmacies,2018,6,6/1/2018,23120
pharmacies,2018,7,7/1/2018,23336
pharmacies,2018,8,8/1/2018,23587
pharmacies,2018,9,9/1/2018,23426
pharmacies,2018,10,10/1/2018,23675
pharmacies,2018,11,11/1/2018,24069
pharmacies,2018,12,12/1/2018,23174
pharmacies,2017,1,1/1/2017,21592
pharmacies,2017,2,2/1/2017,21902
pharmacies,2017,3,3/1/2017,22030
pharmacies,2017,4,4/1/2017,22240
pharmacies,2017,5,5/1/2017,22376
pharmacies,2017,6,6/1/2017,22598
pharmacies,2017,7,7/1/2017,22470
pharmacies,2017,8,8/1/2017,22669
pharmacies,2017,9,9/1/2017,22811
pharmacies,2017,10,10/1/2017,22940
pharmacies,2017,11,11/1/2017,22993
pharmacies,2017,12,12/1/2017,22924
pharmacies,2016,1,1/1/2016,21609
pharmacies,2016,2,2/1/2016,22093
pharmacies,2016,3,3/1/2016,21968
pharmacies,2016,4,4/1/2016,22193
pharmacies,2016,5,5/1/2016,22104
pharmacies,2016,6,6/1/2016,22140
pharmacies,2016,7,7/1/2016,22198
pharmacies,2016,8,8/1/2016,21985
pharmacies,2016,9,9/1/2016,22012
pharmacies,2016,10,10/1/2016,21275
pharmacies,2016,11,11/1/2016,21438
pharmacies,2016,12,12/1/2016,21485
pharmacies,2015,1,1/1/2015,20952
pharmacies,2015,2,2/1/2015,20777
pharmacies,2015,3,3/1/2015,21434
pharmacies,2015,4,4/1/2015,20964
pharmacies,2015,5,5/1/2015,20963
pharmacies,2015,6,6/1/2015,21061
pharmacies,2015,7,7/1/2015,21196
pharmacies,2015,8,8/1/2015,21357
pharmacies,2015,9,9/1/2015,21938
pharmacies,2015,10,10/1/2015,21495
pharmacies,2015,11,11/1/2015,21634
pharmacies,2015,12,12/1/2015,21837
gas,2024,1,1/1/2024,52376
gas,2024,2,2/1/2024,53397
gas,2024,3,3/1/2024,53801
gas,2024,4,4/1/2024,54663
gas,2024,5,5/1/2024,53440
gas,2024,6,6/1/2024,52340
gas,2024,7,7/1/2024,52625
gas,2024,8,8/1/2024,52164
gas,2024,9,9/1/2024,51412
gas,2024,10,10/1/2024,51506
gas,2024,11,11/1/2024,51588
gas,2023,1,1/1/2023,56394
gas,2023,2,2/1/2023,55233
gas,2023,3,3/1/2023,54863
gas,2023,4,4/1/2023,53994
gas,2023,5,5/1/2023,52560
gas,2023,6,6/1/2023,52180
gas,2023,7,7/1/2023,52074
gas,2023,8,8/1/2023,55612
gas,2023,9,9/1/2023,57621
gas,2023,10,10/1/2023,55546
gas,2023,11,11/1/2023,53574
gas,2023,12,12/1/2023,53041
gas,2022,1,1/1/2022,53670
gas,2022,2,2/1/2022,56028
gas,2022,3,3/1/2022,63183
gas,2022,4,4/1/2022,63821
gas,2022,5,5/1/2022,66679
gas,2022,6,6/1/2022,67937
gas,2022,7,7/1/2022,66021
gas,2022,8,8/1/2022,61054
gas,2022,9,9/1/2022,58395
gas,2022,10,10/1/2022,60478
gas,2022,11,11/1/2022,59627
gas,2022,12,12/1/2022,56526
gas,2021,1,1/1/2021,40944
gas,2021,2,2/1/2021,41744
gas,2021,3,3/1/2021,46437
gas,2021,4,4/1/2021,45214
gas,2021,5,5/1/2021,45585
gas,2021,6,6/1/2021,46655
gas,2021,7,7/1/2021,47502
gas,2021,8,8/1/2021,48620
gas,2021,9,9/1/2021,50151
gas,2021,10,10/1/2021,51883
gas,2021,11,11/1/2021,52934
gas,2021,12,12/1/2021,54338
gas,2020,1,1/1/2020,43402
gas,2020,2,2/1/2020,41481
gas,2020,3,3/1/2020,35024
gas,2020,4,4/1/2020,27076
gas,2020,5,5/1/2020,30045
gas,2020,6,6/1/2020,33866
gas,2020,7,7/1/2020,35471
gas,2020,8,8/1/2020,36328
gas,2020,9,9/1/2020,36584
gas,2020,10,10/1/2020,36510
gas,2020,11,11/1/2020,35533
gas,2020,12,12/1/2020,38879
gas,2019,1,1/1/2019,40002
gas,2019,2,2/1/2019,41491
gas,2019,3,3/1/2019,43205
gas,2019,4,4/1/2019,44734
gas,2019,5,5/1/2019,43911
gas,2019,6,6/1/2019,42168
gas,2019,7,7/1/2019,42831
gas,2019,8,8/1/2019,42803
gas,2019,9,9/1/2019,42444
gas,2019,10,10/1/2019,42961
gas,2019,11,11/1/2019,42884
gas,2019,12,12/1/2019,44150
gas,2018,1,1/1/2018,42901
gas,2018,2,2/1/2018,43180
gas,2018,3,3/1/2018,42913
gas,2018,4,4/1/2018,43181
gas,2018,5,5/1/2018,44044
gas,2018,6,6/1/2018,43811
gas,2018,7,7/1/2018,43996
gas,2018,8,8/1/2018,44681
gas,2018,9,9/1/2018,44178
gas,2018,10,10/1/2018,45871
gas,2018,11,11/1/2018,43530
gas,2018,12,12/1/2018,41031
gas,2017,1,1/1/2017,39949
gas,2017,2,2/1/2017,40240
gas,2017,3,3/1/2017,39897
gas,2017,4,4/1/2017,39776
gas,2017,5,5/1/2017,38127
gas,2017,6,6/1/2017,37460
gas,2017,7,7/1/2017,37409
gas,2017,8,8/1/2017,38625
gas,2017,9,9/1/2017,40824
gas,2017,10,10/1/2017,40784
gas,2017,11,11/1/2017,41835
gas,2017,12,12/1/2017,42676
gas,2016,1,1/1/2016,34552
gas,2016,2,2/1/2016,32917
gas,2016,3,3/1/2016,34177
gas,2016,4,4/1/2016,35219
gas,2016,5,5/1/2016,36006
gas,2016,6,6/1/2016,37135
gas,2016,7,7/1/2016,36816
gas,2016,8,8/1/2016,35961
gas,2016,9,9/1/2016,36905
gas,2016,10,10/1/2016,37859
gas,2016,11,11/1/2016,37483
gas,2016,12,12/1/2016,39386
gas,2015,1,1/1/2015,36614
gas,2015,2,2/1/2015,37844
gas,2015,3,3/1/2015,38365
gas,2015,4,4/1/2015,37782
gas,2015,5,5/1/2015,39293
gas,2015,6,6/1/2015,39835
gas,2015,7,7/1/2015,40313
gas,2015,8,8/1/2015,39175
gas,2015,9,9/1/2015,36902
gas,2015,10,10/1/2015,36547
gas,2015,11,11/1/2015,36076
gas,2015,12,12/1/2015,35920
clothing&access,2024,1,1/1/2024,25960
clothing&access,2024,2,2/1/2024,25949
clothing&access,2024,3,3/1/2024,25321
clothing&access,2024,4,4/1/2024,25893
clothing&access,2024,5,5/1/2024,26227
clothing&access,2024,6,6/1/2024,26248
clothing&access,2024,7,7/1/2024,26299
clothing&access,2024,8,8/1/2024,26053
clothing&access,2024,9,9/1/2024,26264
clothing&access,2024,10,10/1/2024,26544
clothing&access,2024,11,11/1/2024,26341
clothing&access,2023,1,1/1/2023,26045
clothing&access,2023,2,2/1/2023,25559
clothing&access,2023,3,3/1/2023,25387
clothing&access,2023,4,4/1/2023,25155
clothing&access,2023,5,5/1/2023,25195
clothing&access,2023,6,6/1/2023,25286
clothing&access,2023,7,7/1/2023,25584
clothing&access,2023,8,8/1/2023,25922
clothing&access,2023,9,9/1/2023,25566
clothing&access,2023,10,10/1/2023,25454
clothing&access,2023,11,11/1/2023,25699
clothing&access,2023,12,12/1/2023,26109
clothing&access,2022,1,1/1/2022,24050
clothing&access,2022,2,2/1/2022,24708
clothing&access,2022,3,3/1/2022,25838
clothing&access,2022,4,4/1/2022,25882
clothing&access,2022,5,5/1/2022,25379
clothing&access,2022,6,6/1/2022,25565
clothing&access,2022,7,7/1/2022,24969
clothing&access,2022,8,8/1/2022,25259
clothing&access,2022,9,9/1/2022,25552
clothing&access,2022,10,10/1/2022,25599
clothing&access,2022,11,11/1/2022,25384
clothing&access,2022,12,12/1/2022,24916
clothing&access,2021,1,1/1/2021,20888
clothing&access,2021,2,2/1/2021,19869
clothing&access,2021,3,3/1/2021,24261
clothing&access,2021,4,4/1/2021,24274
clothing&access,2021,5,5/1/2021,24875
clothing&access,2021,6,6/1/2021,25868
clothing&access,2021,7,7/1/2021,25152
clothing&access,2021,8,8/1/2021,24677
clothing&access,2021,9,9/1/2021,25076
clothing&access,2021,10,10/1/2021,25248
clothing&access,2021,11,11/1/2021,25824
clothing&access,2021,12,12/1/2021,24718
clothing&access,2020,1,1/1/2020,22854
clothing&access,2020,2,2/1/2020,22679
clothing&access,2020,3,3/1/2020,11435
clothing&access,2020,4,4/1/2020,2885
clothing&access,2020,5,5/1/2020,8345
clothing&access,2020,6,6/1/2020,17254
clothing&access,2020,7,7/1/2020,17984
clothing&access,2020,8,8/1/2020,18300
clothing&access,2020,9,9/1/2020,20719
clothing&access,2020,10,10/1/2020,20229
clothing&access,2020,11,11/1/2020,19275
clothing&access,2020,12,12/1/2020,20072
clothing&access,2019,1,1/1/2019,21976
clothing&access,2019,2,2/1/2019,22033
clothing&access,2019,3,3/1/2019,22357
clothing&access,2019,4,4/1/2019,22306
clothing&access,2019,5,5/1/2019,22116
clothing&access,2019,6,6/1/2019,22119
clothing&access,2019,7,7/1/2019,22450
clothing&access,2019,8,8/1/2019,22412
clothing&access,2019,9,9/1/2019,22216
clothing&access,2019,10,10/1/2019,22283
clothing&access,2019,11,11/1/2019,22247
clothing&access,2019,12,12/1/2019,23116
clothing&access,2018,1,1/1/2018,21791
clothing&access,2018,2,2/1/2018,22343
clothing&access,2018,3,3/1/2018,21655
clothing&access,2018,4,4/1/2018,22038
clothing&access,2018,5,5/1/2018,22766
clothing&access,2018,6,6/1/2018,22192
clothing&access,2018,7,7/1/2018,22495
clothing&access,2018,8,8/1/2018,22061
clothing&access,2018,9,9/1/2018,21941
clothing&access,2018,10,10/1/2018,22407
clothing&access,2018,11,11/1/2018,22464
clothing&access,2018,12,12/1/2018,22109
clothing&access,2017,1,1/1/2017,22058
clothing&access,2017,2,2/1/2017,21686
clothing&access,2017,3,3/1/2017,21836
clothing&access,2017,4,4/1/2017,21834
clothing&access,2017,5,5/1/2017,21627
clothing&access,2017,6,6/1/2017,21777
clothing&access,2017,7,7/1/2017,21646
clothing&access,2017,8,8/1/2017,21760
clothing&access,2017,9,9/1/2017,21857
clothing&access,2017,10,10/1/2017,21754
clothing&access,2017,11,11/1/2017,22028
clothing&access,2017,12,12/1/2017,21750
clothing&access,2016,1,1/1/2016,21281
clothing&access,2016,2,2/1/2016,21919
clothing&access,2016,3,3/1/2016,21426
clothing&access,2016,4,4/1/2016,21380
clothing&access,2016,5,5/1/2016,21482
clothing&access,2016,6,6/1/2016,21642
clothing&access,2016,7,7/1/2016,21411
clothing&access,2016,8,8/1/2016,21742
clothing&access,2016,9,9/1/2016,21889
clothing&access,2016,10,10/1/2016,21703
clothing&access,2016,11,11/1/2016,21494
clothing&access,2016,12,12/1/2016,21932
clothing&access,2015,1,1/1/2015,21031
clothing&access,2015,2,2/1/2015,21284
clothing&access,2015,3,3/1/2015,21331
clothing&access,2015,4,4/1/2015,21430
clothing&access,2015,5,5/1/2015,21590
clothing&access,2015,6,6/1/2015,21313
clothing&access,2015,7,7/1/2015,21562
clothing&access,2015,8,8/1/2015,21588
clothing&access,2015,9,9/1/2015,21387
clothing&access,2015,10,10/1/2015,21245
clothing&access,2015,11,11/1/2015,21288
clothing&access,2015,12,12/1/2015,21439
clothing,2024,1,1/1/2024,18290
clothing,2024,2,2/1/2024,18320
clothing,2024,3,3/1/2024,18013
clothing,2024,4,4/1/2024,18442
clothing,2024,5,5/1/2024,18751
clothing,2024,6,6/1/2024,18698
clothing,2024,7,7/1/2024,18649
clothing,2024,8,8/1/2024,18547
clothing,2024,9,9/1/2024,18552
clothing,2024,10,10/1/2024,18733
clothing,2024,11,11/1/2024,18839
clothing,2023,1,1/1/2023,18230
clothing,2023,2,2/1/2023,18168
clothing,2023,3,3/1/2023,17994
clothing,2023,4,4/1/2023,17757
clothing,2023,5,5/1/2023,17705
clothing,2023,6,6/1/2023,17749
clothing,2023,7,7/1/2023,18154
clothing,2023,8,8/1/2023,18441
clothing,2023,9,9/1/2023,18275
clothing,2023,10,10/1/2023,18071
clothing,2023,11,11/1/2023,18180
clothing,2023,12,12/1/2023,18517
clothing,2022,1,1/1/2022,16593
clothing,2022,2,2/1/2022,16888
clothing,2022,3,3/1/2022,17728
clothing,2022,4,4/1/2022,17769
clothing,2022,5,5/1/2022,17667
clothing,2022,6,6/1/2022,17626
clothing,2022,7,7/1/2022,17218
clothing,2022,8,8/1/2022,17481
clothing,2022,9,9/1/2022,17694
clothing,2022,10,10/1/2022,17876
clothing,2022,11,11/1/2022,17766
clothing,2022,12,12/1/2022,17559
clothing,2021,1,1/1/2021,14213
clothing,2021,2,2/1/2021,13730
clothing,2021,3,3/1/2021,16601
clothing,2021,4,4/1/2021,16727
clothing,2021,5,5/1/2021,17092
clothing,2021,6,6/1/2021,17997
clothing,2021,7,7/1/2021,17588
clothing,2021,8,8/1/2021,17197
clothing,2021,9,9/1/2021,17384
clothing,2021,10,10/1/2021,17328
clothing,2021,11,11/1/2021,17729
clothing,2021,12,12/1/2021,16972
clothing,2020,1,1/1/2020,16578
clothing,2020,2,2/1/2020,16529
clothing,2020,3,3/1/2020,7882
clothing,2020,4,4/1/2020,1818
clothing,2020,5,5/1/2020,5262
clothing,2020,6,6/1/2020,11495
clothing,2020,7,7/1/2020,12196
clothing,2020,8,8/1/2020,12736
clothing,2020,9,9/1/2020,14331
clothing,2020,10,10/1/2020,14034
clothing,2020,11,11/1/2020,13283
clothing,2020,12,12/1/2020,13711
clothing,2019,1,1/1/2019,16060
clothing,2019,2,2/1/2019,15991
clothing,2019,3,3/1/2019,16317
clothing,2019,4,4/1/2019,16237
clothing,2019,5,5/1/2019,16169
clothing,2019,6,6/1/2019,16171
clothing,2019,7,7/1/2019,16313
clothing,2019,8,8/1/2019,16274
clothing,2019,9,9/1/2019,16094
clothing,2019,10,10/1/2019,16295
clothing,2019,11,11/1/2019,16259
clothing,2019,12,12/1/2019,16974
clothing,2018,1,1/1/2018,15961
clothing,2018,2,2/1/2018,16394
clothing,2018,3,3/1/2018,15833
clothing,2018,4,4/1/2018,16032
clothing,2018,5,5/1/2018,16711
clothing,2018,6,6/1/2018,16171
clothing,2018,7,7/1/2018,16384
clothing,2018,8,8/1/2018,16213
clothing,2018,9,9/1/2018,16133
clothing,2018,10,10/1/2018,16358
clothing,2018,11,11/1/2018,16418
clothing,2018,12,12/1/2018,16159
clothing,2017,1,1/1/2017,16175
clothing,2017,2,2/1/2017,15902
clothing,2017,3,3/1/2017,15990
clothing,2017,4,4/1/2017,15989
clothing,2017,5,5/1/2017,15843
clothing,2017,6,6/1/2017,15947
clothing,2017,7,7/1/2017,15779
clothing,2017,8,8/1/2017,15878
clothing,2017,9,9/1/2017,15917
clothing,2017,10,10/1/2017,15871
clothing,2017,11,11/1/2017,16005
clothing,2017,12,12/1/2017,15926
clothing,2016,1,1/1/2016,15546
clothing,2016,2,2/1/2016,15906
clothing,2016,3,3/1/2016,15632
clothing,2016,4,4/1/2016,15610
clothing,2016,5,5/1/2016,15630
clothing,2016,6,6/1/2016,15839
clothing,2016,7,7/1/2016,15667
clothing,2016,8,8/1/2016,15956
clothing,2016,9,9/1/2016,16080
clothing,2016,10,10/1/2016,15905
clothing,2016,11,11/1/2016,15596
clothing,2016,12,12/1/2016,15991
clothing,2015,1,1/1/2015,15310
clothing,2015,2,2/1/2015,15549
clothing,2015,3,3/1/2015,15626
clothing,2015,4,4/1/2015,15682
clothing,2015,5,5/1/2015,15802
clothing,2015,6,6/1/2015,15526
clothing,2015,7,7/1/2015,15728
clothing,2015,8,8/1/2015,15811
clothing,2015,9,9/1/2015,15695
clothing,2015,10,10/1/2015,15543
clothing,2015,11,11/1/2015,15553
clothing,2015,12,12/1/2015,15535
shoes,2024,1,1/1/2024,3281
shoes,2024,2,2/1/2024,3267
shoes,2024,3,3/1/2024,3048
shoes,2024,4,4/1/2024,3175
shoes,2024,5,5/1/2024,3179
shoes,2024,6,6/1/2024,3182
shoes,2024,7,7/1/2024,3310
shoes,2024,8,8/1/2024,3131
shoes,2024,9,9/1/2024,3077
shoes,2024,10,10/1/2024,3093
shoes,2024,11,11/1/2024,3149
shoes,2023,1,1/1/2023,3472
shoes,2023,2,2/1/2023,3336
shoes,2023,3,3/1/2023,3307
shoes,2023,4,4/1/2023,3299
shoes,2023,5,5/1/2023,3337
shoes,2023,6,6/1/2023,3361
shoes,2023,7,7/1/2023,3312
shoes,2023,8,8/1/2023,3365
shoes,2023,9,9/1/2023,3338
shoes,2023,10,10/1/2023,3326
shoes,2023,11,11/1/2023,3281
shoes,2023,12,12/1/2023,3302
shoes,2022,1,1/1/2022,3147
shoes,2022,2,2/1/2022,3173
shoes,2022,3,3/1/2022,3324
shoes,2022,4,4/1/2022,3350
shoes,2022,5,5/1/2022,3419
shoes,2022,6,6/1/2022,3382
shoes,2022,7,7/1/2022,3230
shoes,2022,8,8/1/2022,3375
shoes,2022,9,9/1/2022,3447
shoes,2022,10,10/1/2022,3429
shoes,2022,11,11/1/2022,3401
shoes,2022,12,12/1/2022,3256
shoes,2021,1,1/1/2021,3224
shoes,2021,2,2/1/2021,2629
shoes,2021,3,3/1/2021,3532
shoes,2021,4,4/1/2021,3515
shoes,2021,5,5/1/2021,3565
shoes,2021,6,6/1/2021,3597
shoes,2021,7,7/1/2021,3247
shoes,2021,8,8/1/2021,3106
shoes,2021,9,9/1/2021,3224
shoes,2021,10,10/1/2021,3223
shoes,2021,11,11/1/2021,3243
shoes,2021,12,12/1/2021,3237
shoes,2020,1,1/1/2020,3128
shoes,2020,2,2/1/2020,3135
shoes,2020,3,3/1/2020,1680
shoes,2020,4,4/1/2020,486
shoes,2020,5,5/1/2020,1650
shoes,2020,6,6/1/2020,3046
shoes,2020,7,7/1/2020,2702
shoes,2020,8,8/1/2020,2285
shoes,2020,9,9/1/2020,3013
shoes,2020,10,10/1/2020,2929
shoes,2020,11,11/1/2020,2678
shoes,2020,12,12/1/2020,2875
shoes,2019,1,1/1/2019,3158
shoes,2019,2,2/1/2019,3184
shoes,2019,3,3/1/2019,3211
shoes,2019,4,4/1/2019,3159
shoes,2019,5,5/1/2019,3055
shoes,2019,6,6/1/2019,3082
shoes,2019,7,7/1/2019,3126
shoes,2019,8,8/1/2019,3106
shoes,2019,9,9/1/2019,3042
shoes,2019,10,10/1/2019,3047
shoes,2019,11,11/1/2019,3031
shoes,2019,12,12/1/2019,3071
shoes,2018,1,1/1/2018,2987
shoes,2018,2,2/1/2018,3054
shoes,2018,3,3/1/2018,2924
shoes,2018,4,4/1/2018,3068
shoes,2018,5,5/1/2018,3128
shoes,2018,6,6/1/2018,3081
shoes,2018,7,7/1/2018,3212
shoes,2018,8,8/1/2018,2978
shoes,2018,9,9/1/2018,3040
shoes,2018,10,10/1/2018,3164
shoes,2018,11,11/1/2018,3180
shoes,2018,12,12/1/2018,3124
shoes,2017,1,1/1/2017,3095
shoes,2017,2,2/1/2017,3023
shoes,2017,3,3/1/2017,3084
shoes,2017,4,4/1/2017,3089
shoes,2017,5,5/1/2017,2998
shoes,2017,6,6/1/2017,3023
shoes,2017,7,7/1/2017,2972
shoes,2017,8,8/1/2017,3043
shoes,2017,9,9/1/2017,3038
shoes,2017,10,10/1/2017,2959
shoes,2017,11,11/1/2017,3013
shoes,2017,12,12/1/2017,3007
shoes,2016,1,1/1/2016,3010
shoes,2016,2,2/1/2016,3192
shoes,2016,3,3/1/2016,3005
shoes,2016,4,4/1/2016,2989
shoes,2016,5,5/1/2016,3034
shoes,2016,6,6/1/2016,3067
shoes,2016,7,7/1/2016,3050
shoes,2016,8,8/1/2016,3081
shoes,2016,9,9/1/2016,3086
shoes,2016,10,10/1/2016,3053
shoes,2016,11,11/1/2016,3068
shoes,2016,12,12/1/2016,3112
shoes,2015,1,1/1/2015,2874
shoes,2015,2,2/1/2015,2901
shoes,2015,3,3/1/2015,2894
shoes,2015,4,4/1/2015,2876
shoes,2015,5,5/1/2015,2956
shoes,2015,6,6/1/2015,2904
shoes,2015,7,7/1/2015,2964
shoes,2015,8,8/1/2015,2937
shoes,2015,9,9/1/2015,2983
shoes,2015,10,10/1/2015,2991
shoes,2015,11,11/1/2015,2957
shoes,2015,12,12/1/2015,3034
hobbies,2024,1,1/1/2024,8367
hobbies,2024,2,2/1/2024,8424
hobbies,2024,3,3/1/2024,8316
hobbies,2024,4,4/1/2024,8129
hobbies,2024,5,5/1/2024,8226
hobbies,2024,6,6/1/2024,8218
hobbies,2024,7,7/1/2024,8136
hobbies,2024,8,8/1/2024,8159
hobbies,2024,9,9/1/2024,8274
hobbies,2024,10,10/1/2024,8238
hobbies,2024,11,11/1/2024,8213
hobbies,2023,1,1/1/2023,8663
hobbies,2023,2,2/1/2023,8556
hobbies,2023,3,3/1/2023,8554
hobbies,2023,4,4/1/2023,8616
hobbies,2023,5,5/1/2023,8574
hobbies,2023,6,6/1/2023,8513
hobbies,2023,7,7/1/2023,8777
hobbies,2023,8,8/1/2023,8489
hobbies,2023,9,9/1/2023,8428
hobbies,2023,10,10/1/2023,8439
hobbies,2023,11,11/1/2023,8486
hobbies,2023,12,12/1/2023,8277
hobbies,2022,1,1/1/2022,8236
hobbies,2022,2,2/1/2022,8545
hobbies,2022,3,3/1/2022,8620
hobbies,2022,4,4/1/2022,8550
hobbies,2022,5,5/1/2022,8523
hobbies,2022,6,6/1/2022,8542
hobbies,2022,7,7/1/2022,8534
hobbies,2022,8,8/1/2022,8645
hobbies,2022,9,9/1/2022,8623
hobbies,2022,10,10/1/2022,8682
hobbies,2022,11,11/1/2022,8574
hobbies,2022,12,12/1/2022,8699
hobbies,2021,1,1/1/2021,8436
hobbies,2021,2,2/1/2021,7602
hobbies,2021,3,3/1/2021,9207
hobbies,2021,4,4/1/2021,9013
hobbies,2021,5,5/1/2021,8732
hobbies,2021,6,6/1/2021,8656
hobbies,2021,7,7/1/2021,8434
hobbies,2021,8,8/1/2021,8451
hobbies,2021,9,9/1/2021,8406
hobbies,2021,10,10/1/2021,8414
hobbies,2021,11,11/1/2021,8666
hobbies,2021,12,12/1/2021,8424
hobbies,2020,1,1/1/2020,6705
hobbies,2020,2,2/1/2020,6682
hobbies,2020,3,3/1/2020,5508
hobbies,2020,4,4/1/2020,3683
hobbies,2020,5,5/1/2020,6432
hobbies,2020,6,6/1/2020,8113
hobbies,2020,7,7/1/2020,7851
hobbies,2020,8,8/1/2020,7319
hobbies,2020,9,9/1/2020,7790
hobbies,2020,10,10/1/2020,7686
hobbies,2020,11,11/1/2020,7590
hobbies,2020,12,12/1/2020,7635
hobbies,2019,1,1/1/2019,6431
hobbies,2019,2,2/1/2019,6500
hobbies,2019,3,3/1/2019,6541
hobbies,2019,4,4/1/2019,6659
hobbies,2019,5,5/1/2019,6684
hobbies,2019,6,6/1/2019,6739
hobbies,2019,7,7/1/2019,6617
hobbies,2019,8,8/1/2019,6684
hobbies,2019,9,9/1/2019,6661
hobbies,2019,10,10/1/2019,6713
hobbies,2019,11,11/1/2019,6473
hobbies,2019,12,12/1/2019,6684
hobbies,2018,1,1/1/2018,6793
hobbies,2018,2,2/1/2018,7090
hobbies,2018,3,3/1/2018,7157
hobbies,2018,4,4/1/2018,7063
hobbies,2018,5,5/1/2018,7060
hobbies,2018,6,6/1/2018,6851
hobbies,2018,7,7/1/2018,6544
hobbies,2018,8,8/1/2018,6479
hobbies,2018,9,9/1/2018,6384
hobbies,2018,10,10/1/2018,6380
hobbies,2018,11,11/1/2018,6428
hobbies,2018,12,12/1/2018,6326
hobbies,2017,1,1/1/2017,7216
hobbies,2017,2,2/1/2017,7073
hobbies,2017,3,3/1/2017,6980
hobbies,2017,4,4/1/2017,7050
hobbies,2017,5,5/1/2017,6954
hobbies,2017,6,6/1/2017,6971
hobbies,2017,7,7/1/2017,6848
hobbies,2017,8,8/1/2017,6915
hobbies,2017,9,9/1/2017,6989
hobbies,2017,10,10/1/2017,7016
hobbies,2017,11,11/1/2017,7112
hobbies,2017,12,12/1/2017,7073
hobbies,2016,1,1/1/2016,7292
hobbies,2016,2,2/1/2016,7279
hobbies,2016,3,3/1/2016,7273
hobbies,2016,4,4/1/2016,7198
hobbies,2016,5,5/1/2016,7254
hobbies,2016,6,6/1/2016,7562
hobbies,2016,7,7/1/2016,7218
hobbies,2016,8,8/1/2016,7019
hobbies,2016,9,9/1/2016,7049
hobbies,2016,10,10/1/2016,7092
hobbies,2016,11,11/1/2016,6961
hobbies,2016,12,12/1/2016,7081
hobbies,2015,1,1/1/2015,6939
hobbies,2015,2,2/1/2015,6985
hobbies,2015,3,3/1/2015,7073
hobbies,2015,4,4/1/2015,7084
hobbies,2015,5,5/1/2015,7139
hobbies,2015,6,6/1/2015,7077
hobbies,2015,7,7/1/2015,7136
hobbies,2015,8,8/1/2015,7175
hobbies,2015,9,9/1/2015,7203
hobbies,2015,10,10/1/2015,7097
hobbies,2015,11,11/1/2015,7198
hobbies,2015,12,12/1/2015,7344
gen_merch,2024,1,1/1/2024,74833
gen_merch,2024,2,2/1/2024,75145
gen_merch,2024,3,3/1/2024,75835
gen_merch,2024,4,4/1/2024,75189
gen_merch,2024,5,5/1/2024,75273
gen_merch,2024,6,6/1/2024,75247
gen_merch,2024,7,7/1/2024,75860
gen_merch,2024,8,8/1/2024,75662
gen_merch,2024,9,9/1/2024,76190
gen_merch,2024,10,10/1/2024,76244
gen_merch,2024,11,11/1/2024,76271
gen_merch,2023,1,1/1/2023,74707
gen_merch,2023,2,2/1/2023,74429
gen_merch,2023,3,3/1/2023,72099
gen_merch,2023,4,4/1/2023,73169
gen_merch,2023,5,5/1/2023,73235
gen_merch,2023,6,6/1/2023,73392
gen_merch,2023,7,7/1/2023,73793
gen_merch,2023,8,8/1/2023,74121
gen_merch,2023,9,9/1/2023,74066
gen_merch,2023,10,10/1/2023,73948
gen_merch,2023,11,11/1/2023,73773
gen_merch,2023,12,12/1/2023,74574
gen_merch,2022,1,1/1/2022,68679
gen_merch,2022,2,2/1/2022,69414
gen_merch,2022,3,3/1/2022,70000
gen_merch,2022,4,4/1/2022,71187
gen_merch,2022,5,5/1/2022,71773
gen_merch,2022,6,6/1/2022,72751
gen_merch,2022,7,7/1/2022,71997
gen_merch,2022,8,8/1/2022,72566
gen_merch,2022,9,9/1/2022,73296
gen_merch,2022,10,10/1/2022,73268
gen_merch,2022,11,11/1/2022,73388
gen_merch,2022,12,12/1/2022,73022
gen_merch,2021,1,1/1/2021,65060
gen_merch,2021,2,2/1/2021,61821
gen_merch,2021,3,3/1/2021,66483
gen_merch,2021,4,4/1/2021,67371
gen_merch,2021,5,5/1/2021,66479
gen_merch,2021,6,6/1/2021,66184
gen_merch,2021,7,7/1/2021,66217
gen_merch,2021,8,8/1/2021,66738
gen_merch,2021,9,9/1/2021,66875
gen_merch,2021,10,10/1/2021,67801
gen_merch,2021,11,11/1/2021,67820
gen_merch,2021,12,12/1/2021,67998
gen_merch,2020,1,1/1/2020,60539
gen_merch,2020,2,2/1/2020,60821
gen_merch,2020,3,3/1/2020,62573
gen_merch,2020,4,4/1/2020,55973
gen_merch,2020,5,5/1/2020,60914
gen_merch,2020,6,6/1/2020,61590
gen_merch,2020,7,7/1/2020,61365
gen_merch,2020,8,8/1/2020,60132
gen_merch,2020,9,9/1/2020,61876
gen_merch,2020,10,10/1/2020,61206
gen_merch,2020,11,11/1/2020,60817
gen_merch,2020,12,12/1/2020,61041
gen_merch,2019,1,1/1/2019,59416
gen_merch,2019,2,2/1/2019,58865
gen_merch,2019,3,3/1/2019,59647
gen_merch,2019,4,4/1/2019,59513
gen_merch,2019,5,5/1/2019,59340
gen_merch,2019,6,6/1/2019,59471
gen_merch,2019,7,7/1/2019,60189
gen_merch,2019,8,8/1/2019,59883
gen_merch,2019,9,9/1/2019,59355
gen_merch,2019,10,10/1/2019,59726
gen_merch,2019,11,11/1/2019,60360
gen_merch,2019,12,12/1/2019,60287
gen_merch,2018,1,1/1/2018,58405
gen_merch,2018,2,2/1/2018,58777
gen_merch,2018,3,3/1/2018,58033
gen_merch,2018,4,4/1/2018,58071
gen_merch,2018,5,5/1/2018,59624
gen_merch,2018,6,6/1/2018,58575
gen_merch,2018,7,7/1/2018,58934
gen_merch,2018,8,8/1/2018,58998
gen_merch,2018,9,9/1/2018,58786
gen_merch,2018,10,10/1/2018,59320
gen_merch,2018,11,11/1/2018,60005
gen_merch,2018,12,12/1/2018,59530
gen_merch,2017,1,1/1/2017,57644
gen_merch,2017,2,2/1/2017,57059
gen_merch,2017,3,3/1/2017,57390
gen_merch,2017,4,4/1/2017,57482
gen_merch,2017,5,5/1/2017,56512
gen_merch,2017,6,6/1/2017,57664
gen_merch,2017,7,7/1/2017,57331
gen_merch,2017,8,8/1/2017,57565
gen_merch,2017,9,9/1/2017,58198
gen_merch,2017,10,10/1/2017,57920
gen_merch,2017,11,11/1/2017,58317
gen_merch,2017,12,12/1/2017,58692
gen_merch,2016,1,1/1/2016,56229
gen_merch,2016,2,2/1/2016,57220
gen_merch,2016,3,3/1/2016,56992
gen_merch,2016,4,4/1/2016,56857
gen_merch,2016,5,5/1/2016,56583
gen_merch,2016,6,6/1/2016,57142
gen_merch,2016,7,7/1/2016,56762
gen_merch,2016,8,8/1/2016,56886
gen_merch,2016,9,9/1/2016,56186
gen_merch,2016,10,10/1/2016,56845
gen_merch,2016,11,11/1/2016,56671
gen_merch,2016,12,12/1/2016,56516
gen_merch,2015,1,1/1/2015,56447
gen_merch,2015,2,2/1/2015,56120
gen_merch,2015,3,3/1/2015,56294
gen_merch,2015,4,4/1/2015,56278
gen_merch,2015,5,5/1/2015,56700
gen_merch,2015,6,6/1/2015,56555
gen_merch,2015,7,7/1/2015,56896
gen_merch,2015,8,8/1/2015,56923
gen_merch,2015,9,9/1/2015,56878
gen_merch,2015,10,10/1/2015,56793
gen_merch,2015,11,11/1/2015,57007
gen_merch,2015,12,12/1/2015,57303
department,2024,1,1/1/2024,11096
department,2024,2,2/1/2024,11063
department,2024,3,3/1/2024,10878
department,2024,4,4/1/2024,10931
department,2024,5,5/1/2024,10936
department,2024,6,6/1/2024,10983
department,2024,7,7/1/2024,10955
department,2024,8,8/1/2024,10839
department,2024,9,9/1/2024,10887
department,2024,10,10/1/2024,10845
department,2024,11,11/1/2024,10798
department,2023,1,1/1/2023,11770
department,2023,2,2/1/2023,11516
department,2023,3,3/1/2023,11231
department,2023,4,4/1/2023,11124
department,2023,5,5/1/2023,11106
department,2023,6,6/1/2023,10797
department,2023,7,7/1/2023,10975
department,2023,8,8/1/2023,11071
department,2023,9,9/1/2023,11020
department,2023,10,10/1/2023,10884
department,2023,11,11/1/2023,10669
department,2023,12,12/1/2023,11010
department,2022,1,1/1/2022,11170
department,2022,2,2/1/2022,11269
department,2022,3,3/1/2022,11378
department,2022,4,4/1/2022,11495
department,2022,5,5/1/2022,11492
department,2022,6,6/1/2022,11400
department,2022,7,7/1/2022,11305
department,2022,8,8/1/2022,11402
department,2022,9,9/1/2022,11566
department,2022,10,10/1/2022,11395
department,2022,11,11/1/2022,11193
department,2022,12,12/1/2022,11233
department,2021,1,1/1/2021,10442
department,2021,2,2/1/2021,9849
department,2021,3,3/1/2021,11232
department,2021,4,4/1/2021,11129
department,2021,5,5/1/2021,11300
department,2021,6,6/1/2021,11500
department,2021,7,7/1/2021,11286
department,2021,8,8/1/2021,11245
department,2021,9,9/1/2021,11283
department,2021,10,10/1/2021,11437
department,2021,11,11/1/2021,11344
department,2021,12,12/1/2021,11177
department,2020,1,1/1/2020,10844
department,2020,2,2/1/2020,10817
department,2020,3,3/1/2020,8811
department,2020,4,4/1/2020,6206
department,2020,5,5/1/2020,8700
department,2020,6,6/1/2020,9514
department,2020,7,7/1/2020,9524
department,2020,8,8/1/2020,9379
department,2020,9,9/1/2020,10258
department,2020,10,10/1/2020,9856
department,2020,11,11/1/2020,9636
department,2020,12,12/1/2020,9704
department,2019,1,1/1/2019,11428
department,2019,2,2/1/2019,11438
department,2019,3,3/1/2019,11362
department,2019,4,4/1/2019,11357
department,2019,5,5/1/2019,11338
department,2019,6,6/1/2019,11185
department,2019,7,7/1/2019,11479
department,2019,8,8/1/2019,11319
department,2019,9,9/1/2019,10949
department,2019,10,10/1/2019,10947
department,2019,11,11/1/2019,11139
department,2019,12,12/1/2019,10952
department,2018,1,1/1/2018,12102
department,2018,2,2/1/2018,12109
department,2018,3,3/1/2018,11433
department,2018,4,4/1/2018,12202
department,2018,5,5/1/2018,12313
department,2018,6,6/1/2018,11797
department,2018,7,7/1/2018,11863
department,2018,8,8/1/2018,11760
department,2018,9,9/1/2018,11596
department,2018,10,10/1/2018,11729
department,2018,11,11/1/2018,11873
department,2018,12,12/1/2018,11494
department,2017,1,1/1/2017,12631
department,2017,2,2/1/2017,12419
department,2017,3,3/1/2017,12419
department,2017,4,4/1/2017,12399
department,2017,5,5/1/2017,12258
department,2017,6,6/1/2017,12289
department,2017,7,7/1/2017,12122
department,2017,8,8/1/2017,12068
department,2017,9,9/1/2017,12096
department,2017,10,10/1/2017,11997
department,2017,11,11/1/2017,12083
department,2017,12,12/1/2017,11912
department,2016,1,1/1/2016,13242
department,2016,2,2/1/2016,13214
department,2016,3,3/1/2016,13146
department,2016,4,4/1/2016,12886
department,2016,5,5/1/2016,12765
department,2016,6,6/1/2016,13059
department,2016,7,7/1/2016,12790
department,2016,8,8/1/2016,12818
department,2016,9,9/1/2016,12725
department,2016,10,10/1/2016,12636
department,2016,11,11/1/2016,12330
department,2016,12,12/1/2016,12324
department,2015,1,1/1/2015,13952
department,2015,2,2/1/2015,13774
department,2015,3,3/1/2015,13867
department,2015,4,4/1/2015,13759
department,2015,5,5/1/2015,13960
department,2015,6,6/1/2015,13660
department,2015,7,7/1/2015,13644
department,2015,8,8/1/2015,13640
department,2015,9,9/1/2015,13695
department,2015,10,10/1/2015,13631
department,2015,11,11/1/2015,13648
department,2015,12,12/1/2015,13545
gen_merch_other,2024,1,1/1/2024,63737
gen_merch_other,2024,2,2/1/2024,64082
gen_merch_other,2024,3,3/1/2024,64957
gen_merch_other,2024,4,4/1/2024,64258
gen_merch_other,2024,5,5/1/2024,64337
gen_merch_other,2024,6,6/1/2024,64264
gen_merch_other,2024,7,7/1/2024,64905
gen_merch_other,2024,8,8/1/2024,64823
gen_merch_other,2024,9,9/1/2024,65303
gen_merch_other,2024,10,10/1/2024,65399
gen_merch_other,2024,11,11/1/2024,65473
gen_merch_other,2023,1,1/1/2023,62937
gen_merch_other,2023,2,2/1/2023,62913
gen_merch_other,2023,3,3/1/2023,60868
gen_merch_other,2023,4,4/1/2023,62045
gen_merch_other,2023,5,5/1/2023,62129
gen_merch_other,2023,6,6/1/2023,62595
gen_merch_other,2023,7,7/1/2023,62818
gen_merch_other,2023,8,8/1/2023,63050
gen_merch_other,2023,9,9/1/2023,63046
gen_merch_other,2023,10,10/1/2023,63064
gen_merch_other,2023,11,11/1/2023,63104
gen_merch_other,2023,12,12/1/2023,63564
gen_merch_other,2022,1,1/1/2022,57509
gen_merch_other,2022,2,2/1/2022,58145
gen_merch_other,2022,3,3/1/2022,58622
gen_merch_other,2022,4,4/1/2022,59692
gen_merch_other,2022,5,5/1/2022,60281
gen_merch_other,2022,6,6/1/2022,61351
gen_merch_other,2022,7,7/1/2022,60692
gen_merch_other,2022,8,8/1/2022,61164
gen_merch_other,2022,9,9/1/2022,61730
gen_merch_other,2022,10,10/1/2022,61873
gen_merch_other,2022,11,11/1/2022,62195
gen_merch_other,2022,12,12/1/2022,61789
gen_merch_other,2021,1,1/1/2021,54618
gen_merch_other,2021,2,2/1/2021,51972
gen_merch_other,2021,3,3/1/2021,55251
gen_merch_other,2021,4,4/1/2021,56242
gen_merch_other,2021,5,5/1/2021,55179
gen_merch_other,2021,6,6/1/2021,54684
gen_merch_other,2021,7,7/1/2021,54931
gen_merch_other,2021,8,8/1/2021,55493
gen_merch_other,2021,9,9/1/2021,55592
gen_merch_other,2021,10,10/1/2021,56364
gen_merch_other,2021,11,11/1/2021,56476
gen_merch_other,2021,12,12/1/2021,56821
gen_merch_other,2020,1,1/1/2020,49695
gen_merch_other,2020,2,2/1/2020,50004
gen_merch_other,2020,3,3/1/2020,53762
gen_merch_other,2020,4,4/1/2020,49767
gen_merch_other,2020,5,5/1/2020,52214
gen_merch_other,2020,6,6/1/2020,52076
gen_merch_other,2020,7,7/1/2020,51841
gen_merch_other,2020,8,8/1/2020,50753
gen_merch_other,2020,9,9/1/2020,51618
gen_merch_other,2020,10,10/1/2020,51350
gen_merch_other,2020,11,11/1/2020,51181
gen_merch_other,2020,12,12/1/2020,51337
gen_merch_other,2019,1,1/1/2019,47988
gen_merch_other,2019,2,2/1/2019,47427
gen_merch_other,2019,3,3/1/2019,48285
gen_merch_other,2019,4,4/1/2019,48156
gen_merch_other,2019,5,5/1/2019,48002
gen_merch_other,2019,6,6/1/2019,48286
gen_merch_other,2019,7,7/1/2019,48710
gen_merch_other,2019,8,8/1/2019,48564
gen_merch_other,2019,9,9/1/2019,48406
gen_merch_other,2019,10,10/1/2019,48779
gen_merch_other,2019,11,11/1/2019,49221
gen_merch_other,2019,12,12/1/2019,49335
gen_merch_other,2018,1,1/1/2018,46303
gen_merch_other,2018,2,2/1/2018,46668
gen_merch_other,2018,3,3/1/2018,46600
gen_merch_other,2018,4,4/1/2018,45869
gen_merch_other,2018,5,5/1/2018,47311
gen_merch_other,2018,6,6/1/2018,46778
gen_merch_other,2018,7,7/1/2018,47071
gen_merch_other,2018,8,8/1/2018,47238
gen_merch_other,2018,9,9/1/2018,47190
gen_merch_other,2018,10,10/1/2018,47591
gen_merch_other,2018,11,11/1/2018,48132
gen_merch_other,2018,12,12/1/2018,48036
gen_merch_other,2017,1,1/1/2017,45013
gen_merch_other,2017,2,2/1/2017,44640
gen_merch_other,2017,3,3/1/2017,44971
gen_merch_other,2017,4,4/1/2017,45083
gen_merch_other,2017,5,5/1/2017,44254
gen_merch_other,2017,6,6/1/2017,45375
gen_merch_other,2017,7,7/1/2017,45209
gen_merch_other,2017,8,8/1/2017,45497
gen_merch_other,2017,9,9/1/2017,46102
gen_merch_other,2017,10,10/1/2017,45923
gen_merch_other,2017,11,11/1/2017,46234
gen_merch_other,2017,12,12/1/2017,46780
gen_merch_other,2016,1,1/1/2016,42987
gen_merch_other,2016,2,2/1/2016,44006
gen_merch_other,2016,3,3/1/2016,43846
gen_merch_other,2016,4,4/1/2016,43971
gen_merch_other,2016,5,5/1/2016,43818
gen_merch_other,2016,6,6/1/2016,44083
gen_merch_other,2016,7,7/1/2016,43972
gen_merch_other,2016,8,8/1/2016,44068
gen_merch_other,2016,9,9/1/2016,43461
gen_merch_other,2016,10,10/1/2016,44209
gen_merch_other,2016,11,11/1/2016,44341
gen_merch_other,2016,12,12/1/2016,44192
gen_merch_other,2015,1,1/1/2015,42495
gen_merch_other,2015,2,2/1/2015,42346
gen_merch_other,2015,3,3/1/2015,42427
gen_merch_other,2015,4,4/1/2015,42519
gen_merch_other,2015,5,5/1/2015,42740
gen_merch_other,2015,6,6/1/2015,42895
gen_merch_other,2015,7,7/1/2015,43252
gen_merch_other,2015,8,8/1/2015,43283
gen_merch_other,2015,9,9/1/2015,43183
gen_merch_other,2015,10,10/1/2015,43162
gen_merch_other,2015,11,11/1/2015,43359
gen_merch_other,2015,12,12/1/2015,43758
superstores,2024,1,1/1/2024,54558
superstores,2024,2,2/1/2024,54877
superstores,2024,3,3/1/2024,55850
superstores,2024,4,4/1/2024,55133
superstores,2024,5,5/1/2024,55272
superstores,2024,6,6/1/2024,55196
superstores,2024,7,7/1/2024,55823
superstores,2024,8,8/1/2024,55624
superstores,2024,9,9/1/2024,56079
superstores,2024,10,10/1/2024,56171
superstores,2024,11,11/1/2024,56196
superstores,2023,1,1/1/2023,54233
superstores,2023,2,2/1/2023,54163
superstores,2023,3,3/1/2023,52216
superstores,2023,4,4/1/2023,53403
superstores,2023,5,5/1/2023,53394
superstores,2023,6,6/1/2023,53878
superstores,2023,7,7/1/2023,53871
superstores,2023,8,8/1/2023,54242
superstores,2023,9,9/1/2023,54168
superstores,2023,10,10/1/2023,54170
superstores,2023,11,11/1/2023,54243
superstores,2023,12,12/1/2023,54540
superstores,2022,1,1/1/2022,49746
superstores,2022,2,2/1/2022,50167
superstores,2022,3,3/1/2022,50545
superstores,2022,4,4/1/2022,51485
superstores,2022,5,5/1/2022,51910
superstores,2022,6,6/1/2022,53014
superstores,2022,7,7/1/2022,52372
superstores,2022,8,8/1/2022,52736
superstores,2022,9,9/1/2022,53231
superstores,2022,10,10/1/2022,53343
superstores,2022,11,11/1/2022,53528
superstores,2022,12,12/1/2022,53183
superstores,2021,1,1/1/2021,46861
superstores,2021,2,2/1/2021,44589
superstores,2021,3,3/1/2021,47061
superstores,2021,4,4/1/2021,48097
superstores,2021,5,5/1/2021,47261
superstores,2021,6,6/1/2021,46965
superstores,2021,7,7/1/2021,47243
superstores,2021,8,8/1/2021,47725
superstores,2021,9,9/1/2021,47835
superstores,2021,10,10/1/2021,48467
superstores,2021,11,11/1/2021,48425
superstores,2021,12,12/1/2021,48783
superstores,2020,1,1/1/2020,42829
superstores,2020,2,2/1/2020,43074
superstores,2020,3,3/1/2020,45739
superstores,2020,4,4/1/2020,42366
superstores,2020,5,5/1/2020,44271
superstores,2020,6,6/1/2020,44194
superstores,2020,7,7/1/2020,44094
superstores,2020,8,8/1/2020,43061
superstores,2020,9,9/1/2020,43898
superstores,2020,10,10/1/2020,43693
superstores,2020,11,11/1/2020,43648
superstores,2020,12,12/1/2020,43972
superstores,2019,1,1/1/2019,41270
superstores,2019,2,2/1/2019,40757
superstores,2019,3,3/1/2019,41577
superstores,2019,4,4/1/2019,41397
superstores,2019,5,5/1/2019,41356
superstores,2019,6,6/1/2019,41566
superstores,2019,7,7/1/2019,41925
superstores,2019,8,8/1/2019,41784
superstores,2019,9,9/1/2019,41705
superstores,2019,10,10/1/2019,42049
superstores,2019,11,11/1/2019,42447
superstores,2019,12,12/1/2019,42538
superstores,2018,1,1/1/2018,39861
superstores,2018,2,2/1/2018,40219
superstores,2018,3,3/1/2018,40225
superstores,2018,4,4/1/2018,39512
superstores,2018,5,5/1/2018,40813
superstores,2018,6,6/1/2018,40361
superstores,2018,7,7/1/2018,40603
superstores,2018,8,8/1/2018,40692
superstores,2018,9,9/1/2018,40577
superstores,2018,10,10/1/2018,40934
superstores,2018,11,11/1/2018,41192
superstores,2018,12,12/1/2018,41289
superstores,2017,1,1/1/2017,38852
superstores,2017,2,2/1/2017,38531
superstores,2017,3,3/1/2017,38767
superstores,2017,4,4/1/2017,38822
superstores,2017,5,5/1/2017,38164
superstores,2017,6,6/1/2017,39131
superstores,2017,7,7/1/2017,38889
superstores,2017,8,8/1/2017,39221
superstores,2017,9,9/1/2017,39742
superstores,2017,10,10/1/2017,39638
superstores,2017,11,11/1/2017,39900
superstores,2017,12,12/1/2017,40360
superstores,2016,1,1/1/2016,37212
superstores,2016,2,2/1/2016,38093
superstores,2016,3,3/1/2016,37981
superstores,2016,4,4/1/2016,38088
superstores,2016,5,5/1/2016,37976
superstores,2016,6,6/1/2016,38126
superstores,2016,7,7/1/2016,38014
superstores,2016,8,8/1/2016,38100
superstores,2016,9,9/1/2016,37513
superstores,2016,10,10/1/2016,38195
superstores,2016,11,11/1/2016,38348
superstores,2016,12,12/1/2016,38187
superstores,2015,1,1/1/2015,36967
superstores,2015,2,2/1/2015,36822
superstores,2015,3,3/1/2015,36808
superstores,2015,4,4/1/2015,36968
superstores,2015,5,5/1/2015,37106
superstores,2015,6,6/1/2015,37261
superstores,2015,7,7/1/2015,37592
superstores,2015,8,8/1/2015,37556
superstores,2015,9,9/1/2015,37464
superstores,2015,10,10/1/2015,37412
superstores,2015,11,11/1/2015,37596
superstores,2015,12,12/1/2015,37937
all_other_gen_merch,2024,1,1/1/2024,9179
all_other_gen_merch,2024,2,2/1/2024,9205
all_other_gen_merch,2024,3,3/1/2024,9107
all_other_gen_merch,2024,4,4/1/2024,9125
all_other_gen_merch,2024,5,5/1/2024,9065
all_other_gen_merch,2024,6,6/1/2024,9068
all_other_gen_merch,2024,7,7/1/2024,9082
all_other_gen_merch,2024,8,8/1/2024,9199
all_other_gen_merch,2024,9,9/1/2024,9224
all_other_gen_merch,2024,10,10/1/2024,9228
all_other_gen_merch,2024,11,11/1/2024,9277
all_other_gen_merch,2023,1,1/1/2023,8704
all_other_gen_merch,2023,2,2/1/2023,8750
all_other_gen_merch,2023,3,3/1/2023,8652
all_other_gen_merch,2023,4,4/1/2023,8642
all_other_gen_merch,2023,5,5/1/2023,8735
all_other_gen_merch,2023,6,6/1/2023,8717
all_other_gen_merch,2023,7,7/1/2023,8947
all_other_gen_merch,2023,8,8/1/2023,8808
all_other_gen_merch,2023,9,9/1/2023,8878
all_other_gen_merch,2023,10,10/1/2023,8894
all_other_gen_merch,2023,11,11/1/2023,8861
all_other_gen_merch,2023,12,12/1/2023,9024
all_other_gen_merch,2022,1,1/1/2022,7763
all_other_gen_merch,2022,2,2/1/2022,7978
all_other_gen_merch,2022,3,3/1/2022,8077
all_other_gen_merch,2022,4,4/1/2022,8207
all_other_gen_merch,2022,5,5/1/2022,8371
all_other_gen_merch,2022,6,6/1/2022,8337
all_other_gen_merch,2022,7,7/1/2022,8320
all_other_gen_merch,2022,8,8/1/2022,8428
all_other_gen_merch,2022,9,9/1/2022,8499
all_other_gen_merch,2022,10,10/1/2022,8530
all_other_gen_merch,2022,11,11/1/2022,8667
all_other_gen_merch,2022,12,12/1/2022,8606
all_other_gen_merch,2021,1,1/1/2021,7757
all_other_gen_merch,2021,2,2/1/2021,7383
all_other_gen_merch,2021,3,3/1/2021,8190
all_other_gen_merch,2021,4,4/1/2021,8145
all_other_gen_merch,2021,5,5/1/2021,7918
all_other_gen_merch,2021,6,6/1/2021,7719
all_other_gen_merch,2021,7,7/1/2021,7688
all_other_gen_merch,2021,8,8/1/2021,7768
all_other_gen_merch,2021,9,9/1/2021,7757
all_other_gen_merch,2021,10,10/1/2021,7897
all_other_gen_merch,2021,11,11/1/2021,8051
all_other_gen_merch,2021,12,12/1/2021,8038
all_other_gen_merch,2020,1,1/1/2020,6866
all_other_gen_merch,2020,2,2/1/2020,6930
all_other_gen_merch,2020,3,3/1/2020,8023
all_other_gen_merch,2020,4,4/1/2020,7401
all_other_gen_merch,2020,5,5/1/2020,7943
all_other_gen_merch,2020,6,6/1/2020,7882
all_other_gen_merch,2020,7,7/1/2020,7747
all_other_gen_merch,2020,8,8/1/2020,7692
all_other_gen_merch,2020,9,9/1/2020,7720
all_other_gen_merch,2020,10,10/1/2020,7657
all_other_gen_merch,2020,11,11/1/2020,7533
all_other_gen_merch,2020,12,12/1/2020,7365
all_other_gen_merch,2019,1,1/1/2019,6718
all_other_gen_merch,2019,2,2/1/2019,6670
all_other_gen_merch,2019,3,3/1/2019,6708
all_other_gen_merch,2019,4,4/1/2019,6759
all_other_gen_merch,2019,5,5/1/2019,6646
all_other_gen_merch,2019,6,6/1/2019,6720
all_other_gen_merch,2019,7,7/1/2019,6785
all_other_gen_merch,2019,8,8/1/2019,6780
all_other_gen_merch,2019,9,9/1/2019,6701
all_other_gen_merch,2019,10,10/1/2019,6730
all_other_gen_merch,2019,11,11/1/2019,6774
all_other_gen_merch,2019,12,12/1/2019,6797
all_other_gen_merch,2018,1,1/1/2018,6442
all_other_gen_merch,2018,2,2/1/2018,6449
all_other_gen_merch,2018,3,3/1/2018,6375
all_other_gen_merch,2018,4,4/1/2018,6357
all_other_gen_merch,2018,5,5/1/2018,6498
all_other_gen_merch,2018,6,6/1/2018,6417
all_other_gen_merch,2018,7,7/1/2018,6468
all_other_gen_merch,2018,8,8/1/2018,6546
all_other_gen_merch,2018,9,9/1/2018,6613
all_other_gen_merch,2018,10,10/1/2018,6657
all_other_gen_merch,2018,11,11/1/2018,6940
all_other_gen_merch,2018,12,12/1/2018,6747
all_other_gen_merch,2017,1,1/1/2017,6161
all_other_gen_merch,2017,2,2/1/2017,6109
all_other_gen_merch,2017,3,3/1/2017,6204
all_other_gen_merch,2017,4,4/1/2017,6261
all_other_gen_merch,2017,5,5/1/2017,6090
all_other_gen_merch,2017,6,6/1/2017,6244
all_other_gen_merch,2017,7,7/1/2017,6320
all_other_gen_merch,2017,8,8/1/2017,6276
all_other_gen_merch,2017,9,9/1/2017,6360
all_other_gen_merch,2017,10,10/1/2017,6285
all_other_gen_merch,2017,11,11/1/2017,6334
all_other_gen_merch,2017,12,12/1/2017,6420
all_other_gen_merch,2016,1,1/1/2016,5775
all_other_gen_merch,2016,2,2/1/2016,5913
all_other_gen_merch,2016,3,3/1/2016,5865
all_other_gen_merch,2016,4,4/1/2016,5883
all_other_gen_merch,2016,5,5/1/2016,5842
all_other_gen_merch,2016,6,6/1/2016,5957
all_other_gen_merch,2016,7,7/1/2016,5958
all_other_gen_merch,2016,8,8/1/2016,5968
all_other_gen_merch,2016,9,9/1/2016,5948
all_other_gen_merch,2016,10,10/1/2016,6014
all_other_gen_merch,2016,11,11/1/2016,5993
all_other_gen_merch,2016,12,12/1/2016,6005
all_other_gen_merch,2015,1,1/1/2015,5528
all_other_gen_merch,2015,2,2/1/2015,5524
all_other_gen_merch,2015,3,3/1/2015,5619
all_other_gen_merch,2015,4,4/1/2015,5551
all_other_gen_merch,2015,5,5/1/2015,5634
all_other_gen_merch,2015,6,6/1/2015,5634
all_other_gen_merch,2015,7,7/1/2015,5660
all_other_gen_merch,2015,8,8/1/2015,5727
all_other_gen_merch,2015,9,9/1/2015,5719
all_other_gen_merch,2015,10,10/1/2015,5750
all_other_gen_merch,2015,11,11/1/2015,5763
all_other_gen_merch,2015,12,12/1/2015,5821
misc_retail,2024,1,1/1/2024,14792
misc_retail,2024,2,2/1/2024,15109
misc_retail,2024,3,3/1/2024,15478
misc_retail,2024,4,4/1/2024,15201
misc_retail,2024,5,5/1/2024,14982
misc_retail,2024,6,6/1/2024,15226
misc_retail,2024,7,7/1/2024,15107
misc_retail,2024,8,8/1/2024,15253
misc_retail,2024,9,9/1/2024,15582
misc_retail,2024,10,10/1/2024,15431
misc_retail,2024,11,11/1/2024,14823
misc_retail,2023,1,1/1/2023,14618
misc_retail,2023,2,2/1/2023,14323
misc_retail,2023,3,3/1/2023,14121
misc_retail,2023,4,4/1/2023,14437
misc_retail,2023,5,5/1/2023,14338
misc_retail,2023,6,6/1/2023,14687
misc_retail,2023,7,7/1/2023,14474
misc_retail,2023,8,8/1/2023,13883
misc_retail,2023,9,9/1/2023,14504
misc_retail,2023,10,10/1/2023,14759
misc_retail,2023,11,11/1/2023,14852
misc_retail,2023,12,12/1/2023,14906
misc_retail,2022,1,1/1/2022,13919
misc_retail,2022,2,2/1/2022,14057
misc_retail,2022,3,3/1/2022,14440
misc_retail,2022,4,4/1/2022,14476
misc_retail,2022,5,5/1/2022,14346
misc_retail,2022,6,6/1/2022,14609
misc_retail,2022,7,7/1/2022,14382
misc_retail,2022,8,8/1/2022,14705
misc_retail,2022,9,9/1/2022,14360
misc_retail,2022,10,10/1/2022,14236
misc_retail,2022,11,11/1/2022,13852
misc_retail,2022,12,12/1/2022,13846
misc_retail,2021,1,1/1/2021,12148
misc_retail,2021,2,2/1/2021,11918
misc_retail,2021,3,3/1/2021,13302
misc_retail,2021,4,4/1/2021,13288
misc_retail,2021,5,5/1/2021,12641
misc_retail,2021,6,6/1/2021,13346
misc_retail,2021,7,7/1/2021,13496
misc_retail,2021,8,8/1/2021,13644
misc_retail,2021,9,9/1/2021,13821
misc_retail,2021,10,10/1/2021,13951
misc_retail,2021,11,11/1/2021,14106
misc_retail,2021,12,12/1/2021,14018
misc_retail,2020,1,1/1/2020,11531
misc_retail,2020,2,2/1/2020,11483
misc_retail,2020,3,3/1/2020,9686
misc_retail,2020,4,4/1/2020,7037
misc_retail,2020,5,5/1/2020,8698
misc_retail,2020,6,6/1/2020,10633
misc_retail,2020,7,7/1/2020,11174
misc_retail,2020,8,8/1/2020,11425
misc_retail,2020,9,9/1/2020,11466
misc_retail,2020,10,10/1/2020,11542
misc_retail,2020,11,11/1/2020,11625
misc_retail,2020,12,12/1/2020,12255
misc_retail,2019,1,1/1/2019,10429
misc_retail,2019,2,2/1/2019,10563
misc_retail,2019,3,3/1/2019,10700
misc_retail,2019,4,4/1/2019,10895
misc_retail,2019,5,5/1/2019,11078
misc_retail,2019,6,6/1/2019,11062
misc_retail,2019,7,7/1/2019,10939
misc_retail,2019,8,8/1/2019,11150
misc_retail,2019,9,9/1/2019,11065
misc_retail,2019,10,10/1/2019,11232
misc_retail,2019,11,11/1/2019,11416
misc_retail,2019,12,12/1/2019,11242
misc_retail,2018,1,1/1/2018,10861
misc_retail,2018,2,2/1/2018,10792
misc_retail,2018,3,3/1/2018,10608
misc_retail,2018,4,4/1/2018,10677
misc_retail,2018,5,5/1/2018,10854
misc_retail,2018,6,6/1/2018,10782
misc_retail,2018,7,7/1/2018,10422
misc_retail,2018,8,8/1/2018,10614
misc_retail,2018,9,9/1/2018,10631
misc_retail,2018,10,10/1/2018,10866
misc_retail,2018,11,11/1/2018,10863
misc_retail,2018,12,12/1/2018,10656
misc_retail,2017,1,1/1/2017,10126
misc_retail,2017,2,2/1/2017,10295
misc_retail,2017,3,3/1/2017,10212
misc_retail,2017,4,4/1/2017,10255
misc_retail,2017,5,5/1/2017,10070
misc_retail,2017,6,6/1/2017,10050
misc_retail,2017,7,7/1/2017,10267
misc_retail,2017,8,8/1/2017,10218
misc_retail,2017,9,9/1/2017,10326
misc_retail,2017,10,10/1/2017,10346
misc_retail,2017,11,11/1/2017,10591
misc_retail,2017,12,12/1/2017,10671
misc_retail,2016,1,1/1/2016,9792
misc_retail,2016,2,2/1/2016,9771
misc_retail,2016,3,3/1/2016,10065
misc_retail,2016,4,4/1/2016,10128
misc_retail,2016,5,5/1/2016,10002
misc_retail,2016,6,6/1/2016,10067
misc_retail,2016,7,7/1/2016,10015
misc_retail,2016,8,8/1/2016,9935
misc_retail,2016,9,9/1/2016,10206
misc_retail,2016,10,10/1/2016,10368
misc_retail,2016,11,11/1/2016,9981
misc_retail,2016,12,12/1/2016,10159
misc_retail,2015,1,1/1/2015,9849
misc_retail,2015,2,2/1/2015,9762
misc_retail,2015,3,3/1/2015,9733
misc_retail,2015,4,4/1/2015,9790
misc_retail,2015,5,5/1/2015,9997
misc_retail,2015,6,6/1/2015,10026
misc_retail,2015,7,7/1/2015,10053
misc_retail,2015,8,8/1/2015,10147
misc_retail,2015,9,9/1/2015,9713
misc_retail,2015,10,10/1/2015,9717
misc_retail,2015,11,11/1/2015,9848
misc_retail,2015,12,12/1/2015,9765
nonstore,2024,1,1/1/2024,118589
nonstore,2024,2,2/1/2024,117806
nonstore,2024,3,3/1/2024,120781
nonstore,2024,4,4/1/2024,119184
nonstore,2024,5,5/1/2024,119729
nonstore,2024,6,6/1/2024,122424
nonstore,2024,7,7/1/2024,122052
nonstore,2024,8,8/1/2024,122090
nonstore,2024,9,9/1/2024,124638
nonstore,2024,10,10/1/2024,124651
nonstore,2024,11,11/1/2024,126726
nonstore,2023,1,1/1/2023,108861
nonstore,2023,2,2/1/2023,109584
nonstore,2023,3,3/1/2023,108825
nonstore,2023,4,4/1/2023,111076
nonstore,2023,5,5/1/2023,112055
nonstore,2023,6,6/1/2023,112490
nonstore,2023,7,7/1/2023,115342
nonstore,2023,8,8/1/2023,114674
nonstore,2023,9,9/1/2023,116085
nonstore,2023,10,10/1/2023,116692
nonstore,2023,11,11/1/2023,115426
nonstore,2023,12,12/1/2023,119776
nonstore,2022,1,1/1/2022,101825
nonstore,2022,2,2/1/2022,100238
nonstore,2022,3,3/1/2022,100514
nonstore,2022,4,4/1/2022,101659
nonstore,2022,5,5/1/2022,101939
nonstore,2022,6,6/1/2022,102301
nonstore,2022,7,7/1/2022,103264
nonstore,2022,8,8/1/2022,104535
nonstore,2022,9,9/1/2022,105118
nonstore,2022,10,10/1/2022,105990
nonstore,2022,11,11/1/2022,104600
nonstore,2022,12,12/1/2022,106279
nonstore,2021,1,1/1/2021,90483
nonstore,2021,2,2/1/2021,87714
nonstore,2021,3,3/1/2021,93564
nonstore,2021,4,4/1/2021,93681
nonstore,2021,5,5/1/2021,91282
nonstore,2021,6,6/1/2021,94583
nonstore,2021,7,7/1/2021,89228
nonstore,2021,8,8/1/2021,93745
nonstore,2021,9,9/1/2021,93979
nonstore,2021,10,10/1/2021,97034
nonstore,2021,11,11/1/2021,98482
nonstore,2021,12,12/1/2021,97032
nonstore,2020,1,1/1/2020,65279
nonstore,2020,2,2/1/2020,66223
nonstore,2020,3,3/1/2020,70307
nonstore,2020,4,4/1/2020,78380
nonstore,2020,5,5/1/2020,84367
nonstore,2020,6,6/1/2020,83680
nonstore,2020,7,7/1/2020,85221
nonstore,2020,8,8/1/2020,87449
nonstore,2020,9,9/1/2020,87335
nonstore,2020,10,10/1/2020,88301
nonstore,2020,11,11/1/2020,89028
nonstore,2020,12,12/1/2020,90106
nonstore,2019,1,1/1/2019,58949
nonstore,2019,2,2/1/2019,59293
nonstore,2019,3,3/1/2019,59384
nonstore,2019,4,4/1/2019,59821
nonstore,2019,5,5/1/2019,61732
nonstore,2019,6,6/1/2019,63238
nonstore,2019,7,7/1/2019,63579
nonstore,2019,8,8/1/2019,64017
nonstore,2019,9,9/1/2019,64585
nonstore,2019,10,10/1/2019,64762
nonstore,2019,11,11/1/2019,64723
nonstore,2019,12,12/1/2019,64626
nonstore,2018,1,1/1/2018,54220
nonstore,2018,2,2/1/2018,54421
nonstore,2018,3,3/1/2018,55275
nonstore,2018,4,4/1/2018,55928
nonstore,2018,5,5/1/2018,55657
nonstore,2018,6,6/1/2018,55803
nonstore,2018,7,7/1/2018,56769
nonstore,2018,8,8/1/2018,56962
nonstore,2018,9,9/1/2018,57665
nonstore,2018,10,10/1/2018,58016
nonstore,2018,11,11/1/2018,60461
nonstore,2018,12,12/1/2018,53907
nonstore,2017,1,1/1/2017,48025
nonstore,2017,2,2/1/2017,48178
nonstore,2017,3,3/1/2017,48809
nonstore,2017,4,4/1/2017,49324
nonstore,2017,5,5/1/2017,49760
nonstore,2017,6,6/1/2017,50181
nonstore,2017,7,7/1/2017,50511
nonstore,2017,8,8/1/2017,50853
nonstore,2017,9,9/1/2017,51303
nonstore,2017,10,10/1/2017,50938
nonstore,2017,11,11/1/2017,53278
nonstore,2017,12,12/1/2017,54125
nonstore,2016,1,1/1/2016,43068
nonstore,2016,2,2/1/2016,43315
nonstore,2016,3,3/1/2016,43380
nonstore,2016,4,4/1/2016,43881
nonstore,2016,5,5/1/2016,44746
nonstore,2016,6,6/1/2016,45299
nonstore,2016,7,7/1/2016,45153
nonstore,2016,8,8/1/2016,45505
nonstore,2016,9,9/1/2016,45865
nonstore,2016,10,10/1/2016,46304
nonstore,2016,11,11/1/2016,46411
nonstore,2016,12,12/1/2016,47412
nonstore,2015,1,1/1/2015,39703
nonstore,2015,2,2/1/2015,40670
nonstore,2015,3,3/1/2015,40554
nonstore,2015,4,4/1/2015,40795
nonstore,2015,5,5/1/2015,40588
nonstore,2015,6,6/1/2015,40894
nonstore,2015,7,7/1/2015,41495
nonstore,2015,8,8/1/2015,41413
nonstore,2015,9,9/1/2015,41888
nonstore,2015,10,10/1/2015,42095
nonstore,2015,11,11/1/2015,41978
nonstore,2015,12,12/1/2015,42259
e-shopping,2024,1,1/1/2024,109099
e-shopping,2024,2,2/1/2024,108416
e-shopping,2024,3,3/1/2024,111624
e-shopping,2024,4,4/1/2024,109865
e-shopping,2024,5,5/1/2024,110859
e-shopping,2024,6,6/1/2024,113874
e-shopping,2024,7,7/1/2024,113135
e-shopping,2024,8,8/1/2024,113589
e-shopping,2024,9,9/1/2024,115935
e-shopping,2024,10,10/1/2024,115702
e-shopping,2024,11,11/1/2024,118428
e-shopping,2023,1,1/1/2023,98939
e-shopping,2023,2,2/1/2023,99509
e-shopping,2023,3,3/1/2023,99023
e-shopping,2023,4,4/1/2023,101279
e-shopping,2023,5,5/1/2023,102326
e-shopping,2023,6,6/1/2023,102372
e-shopping,2023,7,7/1/2023,105670
e-shopping,2023,8,8/1/2023,104515
e-shopping,2023,9,9/1/2023,105998
e-shopping,2023,10,10/1/2023,107239
e-shopping,2023,11,11/1/2023,105918
e-shopping,2023,12,12/1/2023,110468
e-shopping,2022,1,1/1/2022,92541
e-shopping,2022,2,2/1/2022,90778
e-shopping,2022,3,3/1/2022,90798
e-shopping,2022,4,4/1/2022,91788
e-shopping,2022,5,5/1/2022,91746
e-shopping,2022,6,6/1/2022,92074
e-shopping,2022,7,7/1/2022,93219
e-shopping,2022,8,8/1/2022,94260
e-shopping,2022,9,9/1/2022,95249
e-shopping,2022,10,10/1/2022,95385
e-shopping,2022,11,11/1/2022,94473
e-shopping,2022,12,12/1/2022,95994
e-shopping,2021,1,1/1/2021,82428
e-shopping,2021,2,2/1/2021,79214
e-shopping,2021,3,3/1/2021,85097
e-shopping,2021,4,4/1/2021,84796
e-shopping,2021,5,5/1/2021,82720
e-shopping,2021,6,6/1/2021,86070
e-shopping,2021,7,7/1/2021,80618
e-shopping,2021,8,8/1/2021,85459
e-shopping,2021,9,9/1/2021,85534
e-shopping,2021,10,10/1/2021,87998
e-shopping,2021,11,11/1/2021,89532
e-shopping,2021,12,12/1/2021,88605
e-shopping,2020,1,1/1/2020,57781
e-shopping,2020,2,2/1/2020,58485
e-shopping,2020,3,3/1/2020,63159
e-shopping,2020,4,4/1/2020,72479
e-shopping,2020,5,5/1/2020,78235
e-shopping,2020,6,6/1/2020,76942
e-shopping,2020,7,7/1/2020,77454
e-shopping,2020,8,8/1/2020,79717
e-shopping,2020,9,9/1/2020,79367
e-shopping,2020,10,10/1/2020,79907
e-shopping,2020,11,11/1/2020,81347
e-shopping,2020,12,12/1/2020,82340
e-shopping,2019,1,1/1/2019,51075
e-shopping,2019,2,2/1/2019,51561
e-shopping,2019,3,3/1/2019,51786
e-shopping,2019,4,4/1/2019,52282
e-shopping,2019,5,5/1/2019,54163
e-shopping,2019,6,6/1/2019,55447
e-shopping,2019,7,7/1/2019,55764
e-shopping,2019,8,8/1/2019,56111
e-shopping,2019,9,9/1/2019,56742
e-shopping,2019,10,10/1/2019,57039
e-shopping,2019,11,11/1/2019,56850
e-shopping,2019,12,12/1/2019,56622
e-shopping,2018,1,1/1/2018,46273
e-shopping,2018,2,2/1/2018,47042
e-shopping,2018,3,3/1/2018,47830
e-shopping,2018,4,4/1/2018,48024
e-shopping,2018,5,5/1/2018,48026
e-shopping,2018,6,6/1/2018,48449
e-shopping,2018,7,7/1/2018,49235
e-shopping,2018,8,8/1/2018,49452
e-shopping,2018,9,9/1/2018,50114
e-shopping,2018,10,10/1/2018,50198
e-shopping,2018,11,11/1/2018,52591
e-shopping,2018,12,12/1/2018,46095
e-shopping,2017,1,1/1/2017,41326
e-shopping,2017,2,2/1/2017,41515
e-shopping,2017,3,3/1/2017,42065
e-shopping,2017,4,4/1/2017,42633
e-shopping,2017,5,5/1/2017,42869
e-shopping,2017,6,6/1/2017,43337
e-shopping,2017,7,7/1/2017,43717
e-shopping,2017,8,8/1/2017,43825
e-shopping,2017,9,9/1/2017,44191
e-shopping,2017,10,10/1/2017,43967
e-shopping,2017,11,11/1/2017,45907
e-shopping,2017,12,12/1/2017,46439
e-shopping,2016,1,1/1/2016,36727
e-shopping,2016,2,2/1/2016,37062
e-shopping,2016,3,3/1/2016,37412
e-shopping,2016,4,4/1/2016,37493
e-shopping,2016,5,5/1/2016,38146
e-shopping,2016,6,6/1/2016,38676
e-shopping,2016,7,7/1/2016,38675
e-shopping,2016,8,8/1/2016,39125
e-shopping,2016,9,9/1/2016,39449
e-shopping,2016,10,10/1/2016,39767
e-shopping,2016,11,11/1/2016,40124
e-shopping,2016,12,12/1/2016,40735
e-shopping,2015,1,1/1/2015,33028
e-shopping,2015,2,2/1/2015,33415
e-shopping,2015,3,3/1/2015,33590
e-shopping,2015,4,4/1/2015,34042
e-shopping,2015,5,5/1/2015,34143
e-shopping,2015,6,6/1/2015,34273
e-shopping,2015,7,7/1/2015,34871
e-shopping,2015,8,8/1/2015,35006
e-shopping,2015,9,9/1/2015,35429
e-shopping,2015,10,10/1/2015,35655
e-shopping,2015,11,11/1/2015,35880
e-shopping,2015,12,12/1/2015,36244
fuel,2024,1,1/1/2024,3267
fuel,2024,2,2/1/2024,3196
fuel,2024,3,3/1/2024,3007
fuel,2024,4,4/1/2024,3451
fuel,2024,5,5/1/2024,2991
fuel,2024,6,6/1/2024,2814
fuel,2024,7,7/1/2024,3130
fuel,2024,8,8/1/2024,3052
fuel,2024,9,9/1/2024,2944
fuel,2024,10,10/1/2024,3158
fuel,2024,11,11/1/2024,2723
fuel,2023,1,1/1/2023,3334
fuel,2023,2,2/1/2023,3355
fuel,2023,3,3/1/2023,3497
fuel,2023,4,4/1/2023,3388
fuel,2023,5,5/1/2023,3275
fuel,2023,6,6/1/2023,3346
fuel,2023,7,7/1/2023,3205
fuel,2023,8,8/1/2023,3408
fuel,2023,9,9/1/2023,3539
fuel,2023,10,10/1/2023,3294
fuel,2023,11,11/1/2023,3353
fuel,2023,12,12/1/2023,3135
fuel,2022,1,1/1/2022,3557
fuel,2022,2,2/1/2022,3851
fuel,2022,3,3/1/2022,3888
fuel,2022,4,4/1/2022,4090
fuel,2022,5,5/1/2022,4486
fuel,2022,6,6/1/2022,4472
fuel,2022,7,7/1/2022,4094
fuel,2022,8,8/1/2022,4099
fuel,2022,9,9/1/2022,3854
fuel,2022,10,10/1/2022,4335
fuel,2022,11,11/1/2022,3788
fuel,2022,12,12/1/2022,3809
fuel,2021,1,1/1/2021,2633
fuel,2021,2,2/1/2021,3116
fuel,2021,3,3/1/2021,2841
fuel,2021,4,4/1/2021,2794
fuel,2021,5,5/1/2021,2864
fuel,2021,6,6/1/2021,3013
fuel,2021,7,7/1/2021,3035
fuel,2021,8,8/1/2021,2911
fuel,2021,9,9/1/2021,2997
fuel,2021,10,10/1/2021,3236
fuel,2021,11,11/1/2021,3269
fuel,2021,12,12/1/2021,2982
fuel,2020,1,1/1/2020,2609
fuel,2020,2,2/1/2020,2574
fuel,2020,3,3/1/2020,2362
fuel,2020,4,4/1/2020,2301
fuel,2020,5,5/1/2020,2350
fuel,2020,6,6/1/2020,2278
fuel,2020,7,7/1/2020,2408
fuel,2020,8,8/1/2020,2438
fuel,2020,9,9/1/2020,2540
fuel,2020,10,10/1/2020,2327
fuel,2020,11,11/1/2020,2195
fuel,2020,12,12/1/2020,2487
fuel,2019,1,1/1/2019,2885
fuel,2019,2,2/1/2019,2928
fuel,2019,3,3/1/2019,3060
fuel,2019,4,4/1/2019,2935
fuel,2019,5,5/1/2019,2863
fuel,2019,6,6/1/2019,2888
fuel,2019,7,7/1/2019,2924
fuel,2019,8,8/1/2019,2925
fuel,2019,9,9/1/2019,2833
fuel,2019,10,10/1/2019,2799
fuel,2019,11,11/1/2019,3027
fuel,2019,12,12/1/2019,2845
fuel,2018,1,1/1/2018,3576
fuel,2018,2,2/1/2018,2773
fuel,2018,3,3/1/2018,2776
fuel,2018,4,4/1/2018,3204
fuel,2018,5,5/1/2018,2961
fuel,2018,6,6/1/2018,2920
fuel,2018,7,7/1/2018,3055
fuel,2018,8,8/1/2018,3025
fuel,2018,9,9/1/2018,3003
fuel,2018,10,10/1/2018,3148
fuel,2018,11,11/1/2018,3013
fuel,2018,12,12/1/2018,2882
fuel,2017,1,1/1/2017,2424
fuel,2017,2,2/1/2017,2421
fuel,2017,3,3/1/2017,2521
fuel,2017,4,4/1/2017,2524
fuel,2017,5,5/1/2017,2603
fuel,2017,6,6/1/2017,2537
fuel,2017,7,7/1/2017,2472
fuel,2017,8,8/1/2017,2573
fuel,2017,9,9/1/2017,2640
fuel,2017,10,10/1/2017,2558
fuel,2017,11,11/1/2017,2851
fuel,2017,12,12/1/2017,3173
fuel,2016,1,1/1/2016,2259
fuel,2016,2,2/1/2016,2237
fuel,2016,3,3/1/2016,1920
fuel,2016,4,4/1/2016,2278
fuel,2016,5,5/1/2016,2406
fuel,2016,6,6/1/2016,2397
fuel,2016,7,7/1/2016,2334
fuel,2016,8,8/1/2016,2304
fuel,2016,9,9/1/2016,2271
fuel,2016,10,10/1/2016,2380
fuel,2016,11,11/1/2016,2263
fuel,2016,12,12/1/2016,2580
fuel,2015,1,1/1/2015,2976
fuel,2015,2,2/1/2015,3546
fuel,2015,3,3/1/2015,3136
fuel,2015,4,4/1/2015,2812
fuel,2015,5,5/1/2015,2694
fuel,2015,6,6/1/2015,2720
fuel,2015,7,7/1/2015,2682
fuel,2015,8,8/1/2015,2560
fuel,2015,9,9/1/2015,2537
fuel,2015,10,10/1/2015,2504
fuel,2015,11,11/1/2015,2171
fuel,2015,12,12/1/2015,1974
food_service,2024,1,1/1/2024,93710
food_service,2024,2,2/1/2024,93799
food_service,2024,3,3/1/2024,93678
food_service,2024,4,4/1/2024,94223
food_service,2024,5,5/1/2024,94299
food_service,2024,6,6/1/2024,94364
food_service,2024,7,7/1/2024,94891
food_service,2024,8,8/1/2024,95503
food_service,2024,9,9/1/2024,96284
food_service,2024,10,10/1/2024,97124
food_service,2024,11,11/1/2024,97198
food_service,2023,1,1/1/2023,90330
food_service,2023,2,2/1/2023,88160
food_service,2023,3,3/1/2023,88461
food_service,2023,4,4/1/2023,88736
food_service,2023,5,5/1/2023,89984
food_service,2023,6,6/1/2023,90804
food_service,2023,7,7/1/2023,91371
food_service,2023,8,8/1/2023,92051
food_service,2023,9,9/1/2023,92979
food_service,2023,10,10/1/2023,93195
food_service,2023,11,11/1/2023,94271
food_service,2023,12,12/1/2023,94711
food_service,2022,1,1/1/2022,72709
food_service,2022,2,2/1/2022,75913
food_service,2022,3,3/1/2022,78255
food_service,2022,4,4/1/2022,81104
food_service,2022,5,5/1/2022,81758
food_service,2022,6,6/1/2022,82342
food_service,2022,7,7/1/2022,82028
food_service,2022,8,8/1/2022,84120
food_service,2022,9,9/1/2022,84418
food_service,2022,10,10/1/2022,85909
food_service,2022,11,11/1/2022,85365
food_service,2022,12,12/1/2022,84985
food_service,2021,1,1/1/2021,58817
food_service,2021,2,2/1/2021,57289
food_service,2021,3,3/1/2021,65385
food_service,2021,4,4/1/2021,68285
food_service,2021,5,5/1/2021,70254
food_service,2021,6,6/1/2021,73432
food_service,2021,7,7/1/2021,74830
food_service,2021,8,8/1/2021,74752
food_service,2021,9,9/1/2021,74803
food_service,2021,10,10/1/2021,75045
food_service,2021,11,11/1/2021,75600
food_service,2021,12,12/1/2021,74367
food_service,2020,1,1/1/2020,68991
food_service,2020,2,2/1/2020,68979
food_service,2020,3,3/1/2020,48480
food_service,2020,4,4/1/2020,31394
food_service,2020,5,5/1/2020,41252
food_service,2020,6,6/1/2020,53159
food_service,2020,7,7/1/2020,55528
food_service,2020,8,8/1/2020,58180
food_service,2020,9,9/1/2020,59745
food_service,2020,10,10/1/2020,59566
food_service,2020,11,11/1/2020,57134
food_service,2020,12,12/1/2020,53767
food_service,2019,1,1/1/2019,61348
food_service,2019,2,2/1/2019,61679
food_service,2019,3,3/1/2019,62257
food_service,2019,4,4/1/2019,62731
food_service,2019,5,5/1/2019,63406
food_service,2019,6,6/1/2019,64307
food_service,2019,7,7/1/2019,65053
food_service,2019,8,8/1/2019,65266
food_service,2019,9,9/1/2019,65958
food_service,2019,10,10/1/2019,66430
food_service,2019,11,11/1/2019,66533
food_service,2019,12,12/1/2019,67701
food_service,2018,1,1/1/2018,59420
food_service,2018,2,2/1/2018,59687
food_service,2018,3,3/1/2018,60248
food_service,2018,4,4/1/2018,59500
food_service,2018,5,5/1/2018,60839
food_service,2018,6,6/1/2018,61456
food_service,2018,7,7/1/2018,62231
food_service,2018,8,8/1/2018,62523
food_service,2018,9,9/1/2018,61153
food_service,2018,10,10/1/2018,61698
food_service,2018,11,11/1/2018,61431
food_service,2018,12,12/1/2018,61360
food_service,2017,1,1/1/2017,57359
food_service,2017,2,2/1/2017,57382
food_service,2017,3,3/1/2017,57280
food_service,2017,4,4/1/2017,57373
food_service,2017,5,5/1/2017,57377
food_service,2017,6,6/1/2017,57291
food_service,2017,7,7/1/2017,57149
food_service,2017,8,8/1/2017,57588
food_service,2017,9,9/1/2017,57907
food_service,2017,10,10/1/2017,58287
food_service,2017,11,11/1/2017,58928
food_service,2017,12,12/1/2017,59280
food_service,2016,1,1/1/2016,53071
food_service,2016,2,2/1/2016,54151
food_service,2016,3,3/1/2016,53940
food_service,2016,4,4/1/2016,54261
food_service,2016,5,5/1/2016,54311
food_service,2016,6,6/1/2016,54303
food_service,2016,7,7/1/2016,54334
food_service,2016,8,8/1/2016,54795
food_service,2016,9,9/1/2016,55421
food_service,2016,10,10/1/2016,55362
food_service,2016,11,11/1/2016,56385
food_service,2016,12,12/1/2016,55415
food_service,2015,1,1/1/2015,50813
food_service,2015,2,2/1/2015,50671
food_service,2015,3,3/1/2015,51157
food_service,2015,4,4/1/2015,51721
food_service,2015,5,5/1/2015,51854
food_service,2015,6,6/1/2015,51920
food_service,2015,7,7/1/2015,52149
food_service,2015,8,8/1/2015,52456
food_service,2015,9,9/1/2015,52465
food_service,2015,10,10/1/2015,52784
food_service,2015,11,11/1/2015,52911
food_service,2015,12,12/1/2015,53776
